rank,reader_id,signal,community_id,score,signal_evidence_strength,evidence_strength,preference_evidence_count,exposure_only_book_count,positive_book_count,negative_book_count
1,goodreads_sarah,exploration,27,0.950212931632136,0.950212931632136,0.950212931632136,0,15,0,0
2,goodreads_sarah,exploration,15,0.9182540114044102,0.9998765901959134,0.9999445484005678,4,45,4,0
3,goodreads_sarah,exploration,12,0.8429820284484764,0.9998158942063324,0.9999628296813159,8,43,8,0
4,goodreads_sarah,exploration,6,0.8086221820231733,0.9988862248521552,0.9997751326758212,8,34,6,2
5,goodreads_sarah,exploration,28,0.8010177846781569,0.9932620530009145,0.9979705693637043,6,25,5,1
6,goodreads_sarah,exploration,31,0.7612249128673363,0.9726762775527075,0.9899481642553665,5,18,5,0
7,goodreads_sarah,exploration,9,0.7489797239718391,0.9986396319624521,0.9998492669249045,11,33,11,0
8,goodreads_sarah,exploration,25,0.7295072081645306,0.9726762775527075,0.99177025295098,6,18,6,0
9,goodreads_sarah,exploration,0,0.7083070043575987,0.9999628296813159,0.9999994426096307,21,51,20,1
10,goodreads_sarah,exploration,10,0.7012031150794755,0.9816843611112658,0.996302136283517,8,20,8,0
1,goodreads_sarah,preference,18,0.8477163490410564,0.9954834190573874,0.9999546000702375,27,23,26,1
2,goodreads_sarah,preference,3,0.8312933587162732,0.9997253464300279,0.9999999661050567,41,45,37,4
3,goodreads_sarah,preference,23,0.8293251253124574,0.99177025295098,0.9998765901959134,24,21,23,1
4,goodreads_sarah,preference,8,0.8227040367795709,0.996302136283517,0.9999949695443929,28,33,26,2
5,goodreads_sarah,preference,5,0.810022798334703,0.9944834355792392,0.999999832117247,26,52,24,2
6,goodreads_sarah,preference,0,0.805051692021725,0.9850044231795223,0.9999994426096307,21,51,20,1
7,goodreads_sarah,preference,21,0.805051692021725,0.9850044231795223,0.9998989605981629,21,25,20,1
8,goodreads_sarah,preference,1,0.7720480069511105,0.950212931632136,0.9998492669249045,15,29,15,0
9,goodreads_sarah,preference,41,0.7720480069511105,0.950212931632136,0.9726762775527075,15,3,15,0
10,goodreads_sarah,preference,14,0.7422673421595977,0.9592377960216338,0.9999750839902685,16,37,15,1
1,goodreads_shannon,exploration,9,0.9154196626322477,0.9986396319624521,0.9992534141916233,3,33,3,0
2,goodreads_shannon,exploration,12,0.8507783296783809,0.9996645373720975,0.9999172759344434,7,40,6,1
3,goodreads_shannon,exploration,0,0.8333314497254942,0.999997739670593,0.999999832117247,13,65,13,0
4,goodreads_shannon,exploration,30,0.814486433774226,0.9954834190573874,0.9986396319624521,6,27,5,1
5,goodreads_shannon,exploration,21,0.7678221313168877,0.99177025295098,0.9979705693637043,7,24,7,0
6,goodreads_shannon,exploration,8,0.7493068455907756,0.9877226600969315,0.9969724452546241,7,22,6,1
7,goodreads_shannon,exploration,15,0.7323357301057981,0.9986396319624521,0.9998765901959134,12,33,12,0
8,goodreads_shannon,exploration,22,0.7264338463391745,0.9954834190573874,0.9993887472388704,10,27,10,0
9,goodreads_shannon,exploration,19,0.7257168799809048,0.9998765901959134,0.9999958814112925,17,45,16,1
10,goodreads_shannon,exploration,27,0.7228050228096025,0.9969724452546241,0.9996645373720975,11,29,10,1
1,goodreads_shannon,preference,2,0.9341820959698212,0.9999695675169916,0.9999999999977044,52,82,52,0
2,goodreads_shannon,preference,16,0.8863626389201886,0.9993887472388704,0.9999998874648253,37,43,36,1
3,goodreads_shannon,preference,3,0.8863626389201886,0.9993887472388704,0.999997239227428,37,27,36,1
4,goodreads_shannon,preference,7,0.882520016214329,0.9998492669249045,0.9999999986183674,44,58,42,2
5,goodreads_shannon,preference,1,0.8749514798504968,0.9999445484005678,0.9999999998746611,49,65,46,3
6,goodreads_shannon,preference,10,0.8719296242634406,0.9996645373720975,0.9999996940976795,40,35,38,2
7,goodreads_shannon,preference,6,0.8573658208283085,0.9899481642553665,0.999997739670593,23,42,23,0
8,goodreads_shannon,preference,13,0.8564339882134493,0.9999445484005678,0.9999999078639916,49,32,45,4
9,goodreads_shannon,preference,34,0.8477163490410564,0.9954834190573874,0.9988862248521552,27,7,26,1
10,goodreads_shannon,preference,25,0.8344317069445759,0.9816843611112658,0.998338442726826,20,12,20,0
1,goodreads_you,exploration,28,0.9257264217856661,0.9257264217856661,0.9257264217856661,0,13,0,0
2,goodreads_you,exploration,9,0.7760678043618747,0.9877226600969315,0.996302136283517,6,22,4,2
3,goodreads_you,exploration,17,0.7295072081645306,0.9726762775527075,0.99177025295098,6,18,5,1
4,goodreads_you,exploration,6,0.7094253173380841,0.7981034820053446,0.8347011117784134,1,8,1,0
5,goodreads_you,exploration,0,0.676691719017307,0.9999999847700203,0.999999999997196,43,90,43,0
6,goodreads_you,exploration,8,0.5742833979224763,0.9092820467105875,0.9776292281438344,7,12,7,0
7,goodreads_you,exploration,1,0.4511883639059735,0.4511883639059735,0.4511883639059735,0,3,0,0
8,goodreads_you,exploration,20,0.4511883639059735,0.4511883639059735,0.4511883639059735,0,3,0,0
9,goodreads_you,exploration,21,0.4511883639059735,0.4511883639059735,0.4511883639059735,0,3,0,0
10,goodreads_you,exploration,11,0.4117451032206606,0.8646647167633873,0.9850044231795223,11,10,10,1
1,goodreads_you,preference,0,0.9217052774714627,0.9998158942063324,0.999999999997196,43,90,43,0
2,goodreads_you,preference,11,0.625216529276484,0.8891968416376661,0.9850044231795223,11,10,10,1
3,goodreads_you,preference,8,0.5179645872901456,0.7534030360583935,0.9776292281438344,7,12,7,0
4,goodreads_you,preference,17,0.39704874323170336,0.6988057880877978,0.99177025295098,6,18,5,1
5,goodreads_you,preference,9,0.3335209443146308,0.6988057880877978,0.996302136283517,6,22,4,2
6,goodreads_you,preference,2,0.3212247709316208,0.5506710358827784,0.7981034820053446,4,4,4,0
7,goodreads_you,preference,23,0.23969381832504844,0.4511883639059735,0.6988057880877978,3,3,3,0
8,goodreads_you,preference,29,0.23969381832504844,0.4511883639059735,0.6988057880877978,3,3,3,0
9,goodreads_you,preference,19,0.1530656929120246,0.3296799539643607,0.6321205588285577,2,3,2,0
10,goodreads_you,preference,7,0.1530656929120246,0.3296799539643607,0.5506710358827784,2,2,2,0
