reader_id,community_id,book_count,read_book_count,positive_book_count,negative_book_count,exposure_book_count,exposure_only_book_count,read_without_preference_book_count,unknown_book_count,conflicted_book_count,tbr_book_count,currently_reading_book_count,dnf_book_count,preference_evidence_count,actionable_evidence_count,positive_rate,negative_rate,exposure_only_rate,evidence_strength,preference_evidence_strength,smoothed_positive_rate,preference_strength,negative_evidence_strength,avoidance_balance,avoidance_strength,exploration_rate,exploration_evidence_strength,exploration_strength,has_preference_evidence,has_avoidance_evidence,has_exploration_evidence
goodreads_sarah,0,72,21,20,1,52,51,0,0,0,50,2,0,21,72,0.9523809523809523,0.047619047619047616,0.7083333333333334,0.9999994426096307,0.9850044231795223,0.8173076923076923,0.805051692021725,0.18126924692201818,0.0,0.0,0.7083333333333334,0.9999628296813159,0.7083070043575987,True,False,True
goodreads_sarah,1,44,15,15,0,29,29,0,0,0,29,0,0,15,44,1.0,0.0,0.6590909090909091,0.9998492669249045,0.950212931632136,0.8125,0.7720480069511105,0.0,0.0,0.0,0.6590909090909091,0.9969724452546241,0.6570954752814568,True,False,True
goodreads_sarah,2,10,3,3,0,7,7,0,0,0,7,0,0,3,10,1.0,0.0,0.7,0.8646647167633873,0.4511883639059735,0.53125,0.23969381832504844,0.0,0.0,0.0,0.7,0.7534030360583935,0.5273821252408755,True,False,True
goodreads_sarah,3,86,41,37,4,45,45,0,0,0,45,0,0,41,86,0.9024390243902439,0.0975609756097561,0.5232558139534884,0.9999999661050567,0.9997253464300279,0.8315217391304348,0.8312933587162732,0.5506710358827784,0.0,0.0,0.5232558139534884,0.9998765901959134,0.5231912390560012,True,False,True
goodreads_sarah,4,130,11,11,0,2,2,0,117,0,2,0,0,11,13,1.0,0.0,0.1538461538461538,0.9257264217856661,0.8891968416376661,0.765625,0.6807913318788381,0.0,0.0,0.0,0.15384615384615385,0.3296799539643607,0.05071999291759395,True,False,True
goodreads_sarah,5,78,26,24,2,52,52,0,0,0,52,0,0,26,78,0.9230769230769231,0.07692307692307693,0.6666666666666666,0.999999832117247,0.9944834355792392,0.8145161290322581,0.810022798334703,0.3296799539643607,0.0,0.0,0.6666666666666666,0.9999695675169916,0.666646378344661,True,False,True
goodreads_sarah,6,42,8,6,2,34,34,0,0,0,33,1,0,8,42,0.75,0.25,0.8095238095238095,0.9997751326758212,0.7981034820053446,0.5576923076923077,0.4450961726568268,0.3296799539643607,0.0,0.0,0.8095238095238095,0.9988862248521552,0.8086221820231733,True,False,True
goodreads_sarah,7,6,1,1,0,5,5,0,0,0,5,0,0,1,6,1.0,0.0,0.8333333333333334,0.6988057880877978,0.18126924692201818,0.375,0.06797596759575682,0.0,0.0,0.0,0.8333333333333334,0.6321205588285577,0.5267671323571315,True,False,True
goodreads_sarah,8,61,28,26,2,34,33,0,0,0,34,0,0,28,61,0.9285714285714286,0.07142857142857142,0.5409836065573771,0.9999949695443929,0.996302136283517,0.8257575757575758,0.8227040367795709,0.3296799539643607,0.0,0.0,0.5409836065573771,0.9986396319624521,0.540247669750179,True,False,True
goodreads_sarah,9,44,11,11,0,33,33,0,0,0,33,0,0,11,44,1.0,0.0,0.75,0.9998492669249045,0.8891968416376661,0.765625,0.6807913318788381,0.0,0.0,0.0,0.75,0.9986396319624521,0.7489797239718391,True,False,True
goodreads_sarah,10,28,8,8,0,20,20,0,0,0,20,0,0,8,28,1.0,0.0,0.7142857142857143,0.996302136283517,0.7981034820053446,0.7115384615384616,0.5678813237345721,0.0,0.0,0.0,0.7142857142857143,0.9816843611112658,0.7012031150794755,True,False,True
goodreads_sarah,11,33,10,9,1,23,23,0,0,0,23,0,0,10,33,0.9,0.1,0.696969696969697,0.9986396319624521,0.8646647167633873,0.6833333333333333,0.590854223121648,0.18126924692201818,0.0,0.0,0.696969696969697,0.9899481642553665,0.6899638720567706,True,False,True
goodreads_sarah,12,51,8,8,0,44,43,0,0,0,44,0,0,8,51,1.0,0.0,0.8431372549019608,0.9999628296813159,0.7981034820053446,0.7115384615384616,0.5678813237345721,0.0,0.0,0.0,0.8431372549019608,0.9998158942063324,0.8429820284484764,True,False,True
goodreads_sarah,13,8,3,2,1,6,5,0,0,0,6,0,0,3,8,0.6666666666666666,0.3333333333333333,0.625,0.7981034820053446,0.4511883639059735,0.40625,0.18329527283680175,0.18126924692201818,0.0,0.0,0.625,0.6321205588285577,0.39507534926784854,True,False,True
goodreads_sarah,14,53,16,15,1,39,37,0,0,0,39,0,0,16,53,0.9375,0.0625,0.6981132075471698,0.9999750839902685,0.9592377960216338,0.7738095238095238,0.7422673421595977,0.18126924692201818,0.0,0.0,0.6981132075471698,0.9993887472388704,0.6976864839214755,True,False,True
goodreads_sarah,15,50,4,4,0,45,45,0,1,0,45,0,0,4,49,1.0,0.0,0.9183673469387756,0.9999445484005678,0.5506710358827784,0.5833333333333334,0.3212247709316208,0.0,0.0,0.0,0.9183673469387755,0.9998765901959134,0.9182540114044102,True,False,True
goodreads_sarah,16,6,2,2,0,4,4,0,0,0,4,0,0,2,6,1.0,0.0,0.6666666666666666,0.6988057880877978,0.3296799539643607,0.4642857142857143,0.1530656929120246,0.0,0.0,0.0,0.6666666666666666,0.5506710358827784,0.3671140239218523,True,False,True
goodreads_sarah,17,25,8,8,0,17,17,0,0,0,17,0,0,8,25,1.0,0.0,0.68,0.9932620530009145,0.7981034820053446,0.7115384615384616,0.5678813237345721,0.0,0.0,0.0,0.68,0.9666267300396739,0.6573061764269783,True,False,True
goodreads_sarah,18,50,27,26,1,23,23,0,0,0,23,0,0,27,50,0.9629629629629629,0.037037037037037035,0.46,0.9999546000702375,0.9954834190573874,0.8515625,0.8477163490410564,0.18126924692201818,0.0,0.0,0.46,0.9899481642553665,0.4553761555574686,True,False,True
goodreads_sarah,19,12,3,3,0,9,9,0,0,0,9,0,0,3,12,1.0,0.0,0.75,0.9092820467105875,0.4511883639059735,0.53125,0.23969381832504844,0.0,0.0,0.0,0.75,0.8347011117784134,0.62602583383381,True,False,True
goodreads_sarah,20,51,16,15,1,35,35,0,0,0,35,0,0,16,51,0.9375,0.0625,0.6862745098039216,0.9999628296813159,0.9592377960216338,0.7738095238095238,0.7422673421595977,0.18126924692201818,0.0,0.0,0.6862745098039216,0.9990881180344455,0.6856487084550117,True,False,True
goodreads_sarah,21,46,21,20,1,26,25,0,0,0,26,0,0,21,46,0.9523809523809523,0.047619047619047616,0.5434782608695652,0.9998989605981629,0.9850044231795223,0.8173076923076923,0.805051692021725,0.18126924692201818,0.0,0.0,0.5434782608695652,0.9932620530009145,0.5398163331526709,True,False,True
goodreads_sarah,22,29,9,9,0,20,20,0,0,0,20,0,0,9,29,1.0,0.0,0.6896551724137931,0.9969724452546241,0.8347011117784134,0.7321428571428571,0.611120456837767,0.0,0.0,0.0,0.6896551724137931,0.9816843611112658,0.6770236973181144,True,False,True
goodreads_sarah,23,46,24,23,1,21,21,0,1,0,21,0,0,24,45,0.9583333333333334,0.041666666666666664,0.4666666666666667,0.9998765901959134,0.99177025295098,0.8362068965517241,0.8293251253124574,0.18126924692201818,0.0,0.0,0.4666666666666667,0.9850044231795223,0.4596687308171104,True,False,True
goodreads_sarah,24,15,5,5,0,10,10,0,0,0,10,0,0,5,15,1.0,0.0,0.6666666666666666,0.950212931632136,0.6321205588285577,0.625,0.39507534926784854,0.0,0.0,0.0,0.6666666666666666,0.8646647167633873,0.5764431445089249,True,False,True
goodreads_sarah,25,24,6,6,0,18,18,0,0,0,18,0,0,6,24,1.0,0.0,0.75,0.99177025295098,0.6988057880877978,0.6590909090909091,0.4605765421487758,0.0,0.0,0.0,0.75,0.9726762775527075,0.7295072081645306,True,False,True
goodreads_sarah,26,18,7,7,0,11,11,0,0,0,11,0,0,7,18,1.0,0.0,0.6111111111111112,0.9726762775527075,0.7534030360583935,0.6875,0.5179645872901456,0.0,0.0,0.0,0.6111111111111112,0.8891968416376661,0.5433980698896849,True,False,True
goodreads_sarah,27,15,0,0,0,15,15,0,0,0,15,0,0,0,15,0.0,0.0,1.0,0.950212931632136,0.0,0.25,0.0,0.0,0.0,0.0,1.0,0.950212931632136,0.950212931632136,False,False,True
goodreads_sarah,28,31,6,5,1,25,25,0,0,0,25,0,0,6,31,0.8333333333333334,0.16666666666666666,0.8064516129032258,0.9979705693637043,0.6988057880877978,0.5681818181818182,0.39704874323170336,0.18126924692201818,0.0,0.0,0.8064516129032258,0.9932620530009145,0.8010177846781569,True,False,True
goodreads_sarah,29,20,8,6,2,10,10,0,2,0,10,0,0,8,18,0.75,0.25,0.5555555555555556,0.9726762775527075,0.7981034820053446,0.5576923076923077,0.4450961726568268,0.3296799539643607,0.0,0.0,0.5555555555555556,0.8646647167633873,0.48036928709077076,True,False,True
goodreads_sarah,30,13,5,3,2,8,8,0,0,0,8,0,0,5,13,0.6,0.4,0.6153846153846154,0.9257264217856661,0.6321205588285577,0.425,0.268651237502137,0.3296799539643607,0.0,0.0,0.6153846153846154,0.7981034820053446,0.49114060431098133,True,False,True
goodreads_sarah,31,23,5,5,0,18,18,0,0,0,18,0,0,5,23,1.0,0.0,0.782608695652174,0.9899481642553665,0.6321205588285577,0.625,0.39507534926784854,0.0,0.0,0.0,0.782608695652174,0.9726762775527075,0.7612249128673363,True,False,True
goodreads_sarah,32,8,1,1,0,7,7,0,0,0,7,0,0,1,8,1.0,0.0,0.875,0.7981034820053446,0.18126924692201818,0.375,0.06797596759575682,0.0,0.0,0.0,0.875,0.7534030360583935,0.6592276565510944,True,False,True
goodreads_sarah,33,6,2,2,0,4,4,0,0,0,4,0,0,2,6,1.0,0.0,0.6666666666666666,0.6988057880877978,0.3296799539643607,0.4642857142857143,0.1530656929120246,0.0,0.0,0.0,0.6666666666666666,0.5506710358827784,0.3671140239218523,True,False,True
goodreads_sarah,34,3,1,0,1,2,2,0,0,0,2,0,0,1,3,0.0,1.0,0.6666666666666666,0.4511883639059735,0.18126924692201818,0.20833333333333334,0.03776442644208712,0.18126924692201818,1.0,0.0,0.6666666666666666,0.3296799539643607,0.21978663597624043,False,False,True
goodreads_sarah,35,7,1,1,0,6,6,0,0,0,6,0,0,1,7,1.0,0.0,0.8571428571428571,0.7534030360583935,0.18126924692201818,0.375,0.06797596759575682,0.0,0.0,0.0,0.8571428571428571,0.6988057880877978,0.5989763897895409,True,False,True
goodreads_sarah,36,6,4,4,0,2,2,0,0,0,2,0,0,4,6,1.0,0.0,0.3333333333333333,0.6988057880877978,0.5506710358827784,0.5833333333333334,0.3212247709316208,0.0,0.0,0.0,0.3333333333333333,0.3296799539643607,0.10989331798812021,True,False,True
goodreads_sarah,37,10,2,2,0,8,8,0,0,0,8,0,0,2,10,1.0,0.0,0.8,0.8646647167633873,0.3296799539643607,0.4642857142857143,0.1530656929120246,0.0,0.0,0.0,0.8,0.7981034820053446,0.6384827856042757,True,False,True
goodreads_sarah,38,5,2,2,0,3,3,0,0,0,3,0,0,2,5,1.0,0.0,0.6,0.6321205588285577,0.3296799539643607,0.4642857142857143,0.1530656929120246,0.0,0.0,0.0,0.6,0.4511883639059735,0.2707130183435841,True,False,True
goodreads_sarah,39,7,1,0,1,6,6,0,0,0,6,0,0,1,7,0.0,1.0,0.8571428571428571,0.7534030360583935,0.18126924692201818,0.20833333333333334,0.03776442644208712,0.18126924692201818,1.0,0.0,0.8571428571428571,0.6988057880877978,0.5989763897895409,False,False,True
goodreads_sarah,40,3,1,1,0,2,2,0,0,0,2,0,0,1,3,1.0,0.0,0.6666666666666666,0.4511883639059735,0.18126924692201818,0.375,0.06797596759575682,0.0,0.0,0.0,0.6666666666666666,0.3296799539643607,0.21978663597624043,True,False,True
goodreads_sarah,41,18,15,15,0,3,3,0,0,0,3,0,0,15,18,1.0,0.0,0.1666666666666666,0.9726762775527075,0.950212931632136,0.8125,0.7720480069511105,0.0,0.0,0.0,0.16666666666666666,0.4511883639059735,0.07519806065099557,True,False,True
goodreads_sarah,42,6,5,4,1,1,1,0,0,0,1,0,0,5,6,0.8,0.2,0.1666666666666666,0.6988057880877978,0.6321205588285577,0.525,0.33186329338499276,0.18126924692201818,0.0,0.0,0.16666666666666666,0.18126924692201818,0.030211541153669697,True,False,True
goodreads_sarah,43,1,0,0,0,1,1,0,0,0,1,0,0,0,1,0.0,0.0,1.0,0.18126924692201818,0.0,0.25,0.0,0.0,0.0,0.0,1.0,0.18126924692201818,0.18126924692201818,False,False,True
goodreads_sarah,44,1,0,0,0,1,1,0,0,0,1,0,0,0,1,0.0,0.0,1.0,0.18126924692201818,0.0,0.25,0.0,0.0,0.0,0.0,1.0,0.18126924692201818,0.18126924692201818,False,False,True
goodreads_sarah,45,1,0,0,0,1,1,0,0,0,1,0,0,0,1,0.0,0.0,1.0,0.18126924692201818,0.0,0.25,0.0,0.0,0.0,0.0,1.0,0.18126924692201818,0.18126924692201818,False,False,True
goodreads_sarah,46,1,1,1,0,0,0,0,0,0,0,0,0,1,1,1.0,0.0,0.0,0.18126924692201818,0.18126924692201818,0.375,0.06797596759575682,0.0,0.0,0.0,0.0,0.0,0.0,True,False,False
goodreads_sarah,47,1,0,0,0,1,1,0,0,0,1,0,0,0,1,0.0,0.0,1.0,0.18126924692201818,0.0,0.25,0.0,0.0,0.0,0.0,1.0,0.18126924692201818,0.18126924692201818,False,False,True
goodreads_sarah,48,1,0,0,0,1,1,0,0,0,1,0,0,0,1,0.0,0.0,1.0,0.18126924692201818,0.0,0.25,0.0,0.0,0.0,0.0,1.0,0.18126924692201818,0.18126924692201818,False,False,True
goodreads_shannon,0,78,13,13,0,65,65,0,0,0,63,2,0,13,78,1.0,0.0,0.8333333333333334,0.999999832117247,0.9257264217856661,0.7916666666666666,0.7328667505803189,0.0,0.0,0.0,0.8333333333333334,0.999997739670593,0.8333314497254942,True,False,True
goodreads_shannon,1,116,50,46,3,65,65,1,1,0,65,0,0,49,114,0.9387755102040817,0.061224489795918366,0.5701754385964912,0.9999999998746611,0.9999445484005678,0.875,0.8749514798504968,0.4511883639059735,0.0,0.0,0.5701754385964912,0.999997739670593,0.5701741498121802,True,False,True
goodreads_shannon,2,138,53,52,0,83,82,1,3,0,81,2,0,52,134,1.0,0.0,0.6119402985074627,0.9999999999977044,0.9999695675169916,0.9342105263157895,0.9341820959698212,0.0,0.0,0.0,0.6119402985074627,0.9999999245654165,0.6119402523460011,True,False,True
goodreads_shannon,3,64,37,36,1,29,27,0,0,0,28,1,0,37,64,0.972972972972973,0.02702702702702703,0.421875,0.999997239227428,0.9993887472388704,0.8869047619047619,0.8863626389201886,0.18126924692201818,0.0,0.0,0.421875,0.9954834190573874,0.41996956741483527,True,False,True
goodreads_shannon,4,6,0,0,0,6,6,0,0,0,6,0,0,0,6,0.0,0.0,1.0,0.6988057880877978,0.0,0.25,0.0,0.0,0.0,0.0,1.0,0.6988057880877978,0.6988057880877978,False,False,True
goodreads_shannon,5,56,22,22,1,34,33,0,0,0,34,0,1,23,56,0.9565217391304348,0.043478260869565216,0.5892857142857143,0.9999863258039343,0.9899481642553665,0.8303571428571429,0.8220105292477597,0.18126924692201818,0.0,0.0,0.5892857142857143,0.9986396319624521,0.5884840688350165,True,False,True
goodreads_shannon,6,65,23,23,0,43,42,0,0,0,43,0,0,23,65,1.0,0.0,0.6461538461538462,0.999997739670593,0.9899481642553665,0.8660714285714286,0.8573658208283085,0.0,0.0,0.0,0.6461538461538462,0.9997751326758212,0.6460085472674537,True,False,True
goodreads_shannon,7,103,45,42,2,58,58,1,0,0,58,0,0,44,102,0.9545454545454546,0.045454545454545456,0.5686274509803921,0.9999999986183674,0.9998492669249045,0.8826530612244898,0.882520016214329,0.3296799539643607,0.0,0.0,0.5686274509803921,0.9999908339122637,0.5686222388912872,True,False,True
goodreads_shannon,8,29,7,6,1,22,22,0,0,0,22,0,0,7,29,0.8571428571428571,0.14285714285714285,0.7586206896551724,0.9969724452546241,0.7534030360583935,0.6041666666666666,0.4551810009519461,0.18126924692201818,0.0,0.0,0.7586206896551724,0.9877226600969315,0.7493068455907756,True,False,True
goodreads_shannon,9,36,3,3,0,33,33,0,0,0,33,0,0,3,36,1.0,0.0,0.9166666666666666,0.9992534141916233,0.4511883639059735,0.53125,0.23969381832504844,0.0,0.0,0.0,0.9166666666666666,0.9986396319624521,0.9154196626322477,True,False,True
goodreads_shannon,10,75,40,38,2,36,35,0,0,0,36,0,0,40,75,0.95,0.05,0.4666666666666667,0.9999996940976795,0.9996645373720975,0.8722222222222222,0.8719296242634406,0.3296799539643607,0.0,0.0,0.4666666666666667,0.9990881180344455,0.4662411217494079,True,False,True
goodreads_shannon,11,51,20,19,1,31,31,0,0,0,31,0,0,20,51,0.95,0.05,0.6078431372549019,0.9999628296813159,0.9816843611112658,0.81,0.7951643325001253,0.18126924692201818,0.0,0.0,0.6078431372549019,0.9979705693637043,0.6066095617700947,True,False,True
goodreads_shannon,12,47,7,6,1,40,40,0,0,0,40,0,0,7,47,0.8571428571428571,0.14285714285714285,0.851063829787234,0.9999172759344434,0.7534030360583935,0.6041666666666666,0.4551810009519461,0.18126924692201818,0.0,0.0,0.851063829787234,0.9996645373720975,0.8507783296783809,True,False,True
goodreads_shannon,13,84,49,45,4,33,32,1,2,0,32,1,1,49,81,0.9183673469387755,0.08163265306122448,0.3950617283950617,0.9999999078639916,0.9999445484005678,0.8564814814814815,0.8564339882134493,0.5506710358827784,0.0,0.0,0.3950617283950617,0.998338442726826,0.3944053107068942,True,False,True
goodreads_shannon,14,40,22,21,1,17,17,0,1,0,17,0,0,22,39,0.9545454545454546,0.045454545454545456,0.4358974358974359,0.9995902650210202,0.9877226600969315,0.8240740740740741,0.8139566365613603,0.18126924692201818,0.0,0.0,0.4358974358974359,0.9666267300396739,0.4213501130942168,True,False,True
goodreads_shannon,15,45,12,12,0,33,33,0,0,0,33,0,0,12,45,1.0,0.0,0.7333333333333333,0.9998765901959134,0.9092820467105875,0.7794117647058824,0.7087051246420756,0.0,0.0,0.0,0.7333333333333333,0.9986396319624521,0.7323357301057981,True,False,True
goodreads_shannon,16,82,38,36,1,44,43,1,1,0,44,0,0,37,80,0.972972972972973,0.02702702702702703,0.5375,0.9999998874648253,0.9993887472388704,0.8869047619047619,0.8863626389201886,0.18126924692201818,0.0,0.0,0.5375,0.9998158942063324,0.5374010431359036,True,False,True
goodreads_shannon,17,41,12,11,1,29,29,0,0,0,29,0,0,12,41,0.9166666666666666,0.08333333333333333,0.7073170731707317,0.9997253464300279,0.9092820467105875,0.7205882352941176,0.6552179454238057,0.18126924692201818,0.0,0.0,0.7073170731707317,0.9969724452546241,0.7051756320093683,True,False,True
goodreads_shannon,18,34,22,19,3,12,12,0,0,0,12,0,0,22,34,0.8636363636363636,0.13636363636363635,0.3529411764705882,0.9988862248521552,0.9877226600969315,0.75,0.7407919950726987,0.4511883639059735,0.0,0.0,0.35294117647058826,0.9092820467105875,0.32092307530961917,True,False,True
goodreads_shannon,19,62,17,16,1,45,45,0,0,0,45,0,0,17,62,0.9411764705882353,0.058823529411764705,0.7258064516129032,0.9999958814112925,0.9666267300396739,0.7840909090909091,0.7579232315083807,0.18126924692201818,0.0,0.0,0.7258064516129032,0.9998765901959134,0.7257168799809048,True,False,True
goodreads_shannon,20,28,12,12,0,16,16,0,0,0,16,0,0,12,28,1.0,0.0,0.5714285714285714,0.996302136283517,0.9092820467105875,0.7794117647058824,0.7087051246420756,0.0,0.0,0.0,0.5714285714285714,0.9592377960216338,0.5481358834409336,True,False,True
goodreads_shannon,21,31,7,7,0,24,24,0,0,0,24,0,0,7,31,1.0,0.0,0.7741935483870968,0.9979705693637043,0.7534030360583935,0.6875,0.5179645872901456,0.0,0.0,0.0,0.7741935483870968,0.99177025295098,0.7678221313168877,True,False,True
goodreads_shannon,22,37,10,10,0,27,27,0,0,0,27,0,0,10,37,1.0,0.0,0.7297297297297297,0.9993887472388704,0.8646647167633873,0.75,0.6484985375725405,0.0,0.0,0.0,0.7297297297297297,0.9954834190573874,0.7264338463391745,True,False,True
goodreads_shannon,23,7,1,0,1,6,6,0,0,0,6,0,0,1,7,0.0,1.0,0.8571428571428571,0.7534030360583935,0.18126924692201818,0.20833333333333334,0.03776442644208712,0.18126924692201818,1.0,0.0,0.8571428571428571,0.6988057880877978,0.5989763897895409,False,False,True
goodreads_shannon,24,43,23,22,1,19,19,0,1,0,19,0,0,23,42,0.9565217391304348,0.043478260869565216,0.4523809523809524,0.9997751326758212,0.9899481642553665,0.8303571428571429,0.8220105292477597,0.18126924692201818,0.0,0.0,0.4523809523809524,0.9776292281438344,0.4422608413031632,True,False,True
goodreads_shannon,25,32,20,20,0,12,12,0,0,0,10,2,0,20,32,1.0,0.0,0.375,0.998338442726826,0.9816843611112658,0.85,0.8344317069445759,0.0,0.0,0.0,0.375,0.9092820467105875,0.34098076751647033,True,False,True
goodreads_shannon,26,38,13,13,0,25,25,0,0,0,25,0,0,13,38,1.0,0.0,0.6578947368421053,0.9994995485665594,0.9257264217856661,0.7916666666666666,0.7328667505803189,0.0,0.0,0.0,0.6578947368421053,0.9932620530009145,0.6534618769742859,True,False,True
goodreads_shannon,27,40,11,10,1,29,29,0,0,0,29,0,0,11,40,0.9090909090909091,0.09090909090909091,0.725,0.9996645373720975,0.8891968416376661,0.703125,0.625216529276484,0.18126924692201818,0.0,0.0,0.725,0.9969724452546241,0.7228050228096025,True,False,True
goodreads_shannon,28,8,1,1,0,7,7,0,0,0,7,0,0,1,8,1.0,0.0,0.875,0.7981034820053446,0.18126924692201818,0.375,0.06797596759575682,0.0,0.0,0.0,0.875,0.7534030360583935,0.6592276565510944,True,False,True
goodreads_shannon,29,25,11,11,0,14,14,0,0,0,14,0,0,11,25,1.0,0.0,0.56,0.9932620530009145,0.8891968416376661,0.765625,0.6807913318788381,0.0,0.0,0.0,0.56,0.9391899373747821,0.525946364929878,True,False,True
goodreads_shannon,30,34,6,5,1,27,27,0,1,0,27,0,0,6,33,0.8333333333333334,0.16666666666666666,0.8181818181818182,0.9986396319624521,0.6988057880877978,0.5681818181818182,0.39704874323170336,0.18126924692201818,0.0,0.0,0.8181818181818182,0.9954834190573874,0.814486433774226,True,False,True
goodreads_shannon,31,20,8,8,0,12,12,0,0,0,12,0,0,8,20,1.0,0.0,0.6,0.9816843611112658,0.7981034820053446,0.7115384615384616,0.5678813237345721,0.0,0.0,0.0,0.6,0.9092820467105875,0.5455692280263525,True,False,True
goodreads_shannon,32,36,13,12,1,25,23,0,0,0,25,0,0,13,36,0.9230769230769231,0.07692307692307693,0.6388888888888888,0.9992534141916233,0.9257264217856661,0.7361111111111112,0.6814375049255598,0.18126924692201818,0.0,0.0,0.6388888888888888,0.9899481642553665,0.6324668827187063,True,False,True
goodreads_shannon,33,35,18,18,0,17,17,0,0,0,16,1,0,18,35,1.0,0.0,0.4857142857142857,0.9990881180344455,0.9726762775527075,0.8369565217391305,0.8140877540386792,0.0,0.0,0.0,0.4857142857142857,0.9666267300396739,0.4695044117335559,True,False,True
goodreads_shannon,34,34,27,26,1,7,7,0,0,0,7,0,0,27,34,0.9629629629629629,0.037037037037037035,0.2058823529411764,0.9988862248521552,0.9954834190573874,0.8515625,0.8477163490410564,0.18126924692201818,0.0,0.0,0.20588235294117646,0.7534030360583935,0.15511238977672806,True,False,True
goodreads_shannon,35,29,10,10,0,19,19,0,0,0,19,0,0,10,29,1.0,0.0,0.6551724137931034,0.9969724452546241,0.8646647167633873,0.75,0.6484985375725405,0.0,0.0,0.0,0.6551724137931034,0.9776292281438344,0.6405157011976845,True,False,True
goodreads_shannon,36,24,15,15,0,10,9,0,0,0,10,0,0,15,24,1.0,0.0,0.375,0.99177025295098,0.950212931632136,0.8125,0.7720480069511105,0.0,0.0,0.0,0.375,0.8347011117784134,0.313012916916905,True,False,True
goodreads_shannon,37,16,8,8,0,7,7,0,1,0,7,0,0,8,15,1.0,0.0,0.4666666666666667,0.950212931632136,0.7981034820053446,0.7115384615384616,0.5678813237345721,0.0,0.0,0.0,0.4666666666666667,0.7534030360583935,0.351588083493917,True,False,True
goodreads_shannon,38,21,7,7,0,14,14,0,0,0,14,0,0,7,21,1.0,0.0,0.6666666666666666,0.9850044231795223,0.7534030360583935,0.6875,0.5179645872901456,0.0,0.0,0.0,0.6666666666666666,0.9391899373747821,0.6261266249165214,True,False,True
goodreads_shannon,39,16,11,11,0,5,5,0,0,0,5,0,0,11,16,1.0,0.0,0.3125,0.9592377960216338,0.8891968416376661,0.765625,0.6807913318788381,0.0,0.0,0.0,0.3125,0.6321205588285577,0.19753767463392427,True,False,True
goodreads_shannon,40,15,8,8,0,8,7,0,0,0,8,0,0,8,15,1.0,0.0,0.4666666666666667,0.950212931632136,0.7981034820053446,0.7115384615384616,0.5678813237345721,0.0,0.0,0.0,0.4666666666666667,0.7534030360583935,0.351588083493917,True,False,True
goodreads_shannon,42,2,1,1,0,1,1,0,0,0,1,0,0,1,2,1.0,0.0,0.5,0.3296799539643607,0.18126924692201818,0.375,0.06797596759575682,0.0,0.0,0.0,0.5,0.18126924692201818,0.09063462346100909,True,False,True
goodreads_shannon,49,1,0,0,0,1,1,0,0,0,1,0,0,0,1,0.0,0.0,1.0,0.18126924692201818,0.0,0.25,0.0,0.0,0.0,0.0,1.0,0.18126924692201818,0.18126924692201818,False,False,True
goodreads_shannon,50,1,0,0,0,1,1,0,0,0,1,0,0,0,1,0.0,0.0,1.0,0.18126924692201818,0.0,0.25,0.0,0.0,0.0,0.0,1.0,0.18126924692201818,0.18126924692201818,False,False,True
goodreads_shannon,51,1,0,0,0,1,1,0,0,0,1,0,0,0,1,0.0,0.0,1.0,0.18126924692201818,0.0,0.25,0.0,0.0,0.0,0.0,1.0,0.18126924692201818,0.18126924692201818,False,False,True
goodreads_shannon,52,1,0,0,0,1,1,0,0,0,1,0,0,0,1,0.0,0.0,1.0,0.18126924692201818,0.0,0.25,0.0,0.0,0.0,0.0,1.0,0.18126924692201818,0.18126924692201818,False,False,True
goodreads_shannon,53,1,0,0,0,1,1,0,0,0,1,0,0,0,1,0.0,0.0,1.0,0.18126924692201818,0.0,0.25,0.0,0.0,0.0,0.0,1.0,0.18126924692201818,0.18126924692201818,False,False,True
goodreads_shannon,54,1,1,1,0,0,0,0,0,0,0,0,0,1,1,1.0,0.0,0.0,0.18126924692201818,0.18126924692201818,0.375,0.06797596759575682,0.0,0.0,0.0,0.0,0.0,0.0,True,False,False
goodreads_you,0,140,46,43,0,90,90,3,4,0,89,1,0,43,133,1.0,0.0,0.6766917293233082,0.999999999997196,0.9998158942063324,0.921875,0.9217052774714627,0.0,0.0,0.0,0.6766917293233082,0.9999999847700203,0.676691719017307,True,False,True
goodreads_you,1,5,0,0,0,3,3,0,2,0,3,0,0,0,3,0.0,0.0,1.0,0.4511883639059735,0.0,0.25,0.0,0.0,0.0,0.0,1.0,0.4511883639059735,0.4511883639059735,False,False,True
goodreads_you,2,10,4,4,0,4,4,0,2,0,4,0,0,4,8,1.0,0.0,0.5,0.7981034820053446,0.5506710358827784,0.5833333333333334,0.3212247709316208,0.0,0.0,0.0,0.5,0.5506710358827784,0.2753355179413892,True,False,True
goodreads_you,3,1,0,0,0,1,1,0,0,0,1,0,0,0,1,0.0,0.0,1.0,0.18126924692201818,0.0,0.25,0.0,0.0,0.0,0.0,1.0,0.18126924692201818,0.18126924692201818,False,False,True
goodreads_you,5,2,0,0,0,2,2,0,0,0,2,0,0,0,2,0.0,0.0,1.0,0.3296799539643607,0.0,0.25,0.0,0.0,0.0,0.0,1.0,0.3296799539643607,0.3296799539643607,False,False,True
goodreads_you,6,11,1,1,0,8,8,0,2,0,8,0,0,1,9,1.0,0.0,0.8888888888888888,0.8347011117784134,0.18126924692201818,0.375,0.06797596759575682,0.0,0.0,0.0,0.8888888888888888,0.7981034820053446,0.7094253173380841,True,False,True
goodreads_you,7,4,2,2,0,2,2,0,0,0,1,1,0,2,4,1.0,0.0,0.5,0.5506710358827784,0.3296799539643607,0.4642857142857143,0.1530656929120246,0.0,0.0,0.0,0.5,0.3296799539643607,0.16483997698218034,True,False,True
goodreads_you,8,21,8,7,0,12,12,1,1,0,12,0,0,7,19,1.0,0.0,0.631578947368421,0.9776292281438344,0.7534030360583935,0.6875,0.5179645872901456,0.0,0.0,0.0,0.631578947368421,0.9092820467105875,0.5742833979224763,True,False,True
goodreads_you,9,30,6,4,2,22,22,0,2,0,22,0,0,6,28,0.6666666666666666,0.3333333333333333,0.7857142857142857,0.996302136283517,0.6988057880877978,0.4772727272727273,0.3335209443146308,0.3296799539643607,0.0,0.0,0.7857142857142857,0.9877226600969315,0.7760678043618747,True,False,True
goodreads_you,11,21,11,10,1,10,10,0,0,0,10,0,0,11,21,0.9090909090909091,0.09090909090909091,0.4761904761904761,0.9850044231795223,0.8891968416376661,0.703125,0.625216529276484,0.18126924692201818,0.0,0.0,0.47619047619047616,0.8646647167633873,0.4117451032206606,True,False,True
goodreads_you,12,3,1,1,0,1,1,0,1,0,1,0,0,1,2,1.0,0.0,0.5,0.3296799539643607,0.18126924692201818,0.375,0.06797596759575682,0.0,0.0,0.0,0.5,0.18126924692201818,0.09063462346100909,True,False,True
goodreads_you,13,5,2,2,0,2,2,0,1,0,2,0,0,2,4,1.0,0.0,0.5,0.5506710358827784,0.3296799539643607,0.4642857142857143,0.1530656929120246,0.0,0.0,0.0,0.5,0.3296799539643607,0.16483997698218034,True,False,True
goodreads_you,14,4,2,2,0,1,1,0,1,0,1,0,0,2,3,1.0,0.0,0.3333333333333333,0.4511883639059735,0.3296799539643607,0.4642857142857143,0.1530656929120246,0.0,0.0,0.0,0.3333333333333333,0.18126924692201818,0.06042308230733939,True,False,True
goodreads_you,15,1,1,1,0,0,0,0,0,0,0,0,0,1,1,1.0,0.0,0.0,0.18126924692201818,0.18126924692201818,0.375,0.06797596759575682,0.0,0.0,0.0,0.0,0.0,0.0,True,False,False
goodreads_you,16,1,1,1,0,0,0,0,0,0,0,0,0,1,1,1.0,0.0,0.0,0.18126924692201818,0.18126924692201818,0.375,0.06797596759575682,0.0,0.0,0.0,0.0,0.0,0.0,True,False,False
goodreads_you,17,25,6,5,1,18,18,0,1,0,18,0,0,6,24,0.8333333333333334,0.16666666666666666,0.75,0.99177025295098,0.6988057880877978,0.5681818181818182,0.39704874323170336,0.18126924692201818,0.0,0.0,0.75,0.9726762775527075,0.7295072081645306,True,False,True
goodreads_you,18,5,2,2,0,0,0,0,3,0,0,0,0,2,2,1.0,0.0,0.0,0.3296799539643607,0.3296799539643607,0.4642857142857143,0.1530656929120246,0.0,0.0,0.0,0.0,0.0,0.0,True,False,False
goodreads_you,19,6,2,2,0,3,3,0,1,0,3,0,0,2,5,1.0,0.0,0.6,0.6321205588285577,0.3296799539643607,0.4642857142857143,0.1530656929120246,0.0,0.0,0.0,0.6,0.4511883639059735,0.2707130183435841,True,False,True
goodreads_you,20,3,0,0,0,3,3,0,0,0,2,1,0,0,3,0.0,0.0,1.0,0.4511883639059735,0.0,0.25,0.0,0.0,0.0,0.0,1.0,0.4511883639059735,0.4511883639059735,False,False,True
goodreads_you,21,3,0,0,0,3,3,0,0,0,3,0,0,0,3,0.0,0.0,1.0,0.4511883639059735,0.0,0.25,0.0,0.0,0.0,0.0,1.0,0.4511883639059735,0.4511883639059735,False,False,True
goodreads_you,22,3,2,2,0,1,1,0,0,0,1,0,0,2,3,1.0,0.0,0.3333333333333333,0.4511883639059735,0.3296799539643607,0.4642857142857143,0.1530656929120246,0.0,0.0,0.0,0.3333333333333333,0.18126924692201818,0.06042308230733939,True,False,True
goodreads_you,23,7,3,3,0,3,3,0,1,0,3,0,0,3,6,1.0,0.0,0.5,0.6988057880877978,0.4511883639059735,0.53125,0.23969381832504844,0.0,0.0,0.0,0.5,0.4511883639059735,0.22559418195298675,True,False,True
goodreads_you,24,4,2,2,0,2,2,0,0,0,2,0,0,2,4,1.0,0.0,0.5,0.5506710358827784,0.3296799539643607,0.4642857142857143,0.1530656929120246,0.0,0.0,0.0,0.5,0.3296799539643607,0.16483997698218034,True,False,True
goodreads_you,28,13,0,0,0,13,13,0,0,0,12,1,0,0,13,0.0,0.0,1.0,0.9257264217856661,0.0,0.25,0.0,0.0,0.0,0.0,1.0,0.9257264217856661,0.9257264217856661,False,False,True
goodreads_you,29,6,3,3,0,3,3,0,0,0,2,1,0,3,6,1.0,0.0,0.5,0.6988057880877978,0.4511883639059735,0.53125,0.23969381832504844,0.0,0.0,0.0,0.5,0.4511883639059735,0.22559418195298675,True,False,True
goodreads_you,30,1,1,1,0,0,0,0,0,0,0,0,0,1,1,1.0,0.0,0.0,0.18126924692201818,0.18126924692201818,0.375,0.06797596759575682,0.0,0.0,0.0,0.0,0.0,0.0,True,False,False
goodreads_you,31,3,1,1,0,2,2,0,0,0,2,0,0,1,3,1.0,0.0,0.6666666666666666,0.4511883639059735,0.18126924692201818,0.375,0.06797596759575682,0.0,0.0,0.0,0.6666666666666666,0.3296799539643607,0.21978663597624043,True,False,True
goodreads_you,32,4,2,2,0,2,2,0,0,0,1,1,0,2,4,1.0,0.0,0.5,0.5506710358827784,0.3296799539643607,0.4642857142857143,0.1530656929120246,0.0,0.0,0.0,0.5,0.3296799539643607,0.16483997698218034,True,False,True
goodreads_you,33,2,1,1,0,0,0,0,1,0,0,0,0,1,1,1.0,0.0,0.0,0.18126924692201818,0.18126924692201818,0.375,0.06797596759575682,0.0,0.0,0.0,0.0,0.0,0.0,True,False,False
goodreads_you,35,1,1,1,0,0,0,0,0,0,0,0,0,1,1,1.0,0.0,0.0,0.18126924692201818,0.18126924692201818,0.375,0.06797596759575682,0.0,0.0,0.0,0.0,0.0,0.0,True,False,False
goodreads_you,36,4,1,1,0,3,3,0,0,0,3,0,0,1,4,1.0,0.0,0.75,0.5506710358827784,0.18126924692201818,0.375,0.06797596759575682,0.0,0.0,0.0,0.75,0.4511883639059735,0.3383912729294801,True,False,True
goodreads_you,37,1,0,0,0,1,1,0,0,0,1,0,0,0,1,0.0,0.0,1.0,0.18126924692201818,0.0,0.25,0.0,0.0,0.0,0.0,1.0,0.18126924692201818,0.18126924692201818,False,False,True
goodreads_you,39,2,0,0,0,2,2,0,0,0,2,0,0,0,2,0.0,0.0,1.0,0.3296799539643607,0.0,0.25,0.0,0.0,0.0,0.0,1.0,0.3296799539643607,0.3296799539643607,False,False,True
goodreads_you,40,5,3,2,0,2,2,1,0,0,2,0,0,2,4,1.0,0.0,0.5,0.5506710358827784,0.3296799539643607,0.4642857142857143,0.1530656929120246,0.0,0.0,0.0,0.5,0.3296799539643607,0.16483997698218034,True,False,True
goodreads_you,42,1,1,1,0,0,0,0,0,0,0,0,0,1,1,1.0,0.0,0.0,0.18126924692201818,0.18126924692201818,0.375,0.06797596759575682,0.0,0.0,0.0,0.0,0.0,0.0,True,False,False
