reader_id,community_id,book_count,read_book_count,positive_book_count,negative_book_count,exposure_book_count,exposure_only_book_count,read_without_preference_book_count,unknown_book_count,conflicted_book_count,tbr_book_count,currently_reading_book_count,dnf_book_count,preference_evidence_count,actionable_evidence_count,positive_rate,negative_rate,exposure_only_rate
goodreads_sarah,0,72,21,20,1,52,51,0,0,0,50,2,0,21,72,0.9523809523809523,0.047619047619047616,0.7083333333333334
goodreads_sarah,1,44,15,15,0,29,29,0,0,0,29,0,0,15,44,1.0,0.0,0.6590909090909091
goodreads_sarah,2,10,3,3,0,7,7,0,0,0,7,0,0,3,10,1.0,0.0,0.7
goodreads_sarah,3,86,41,37,4,45,45,0,0,0,45,0,0,41,86,0.9024390243902439,0.0975609756097561,0.5232558139534884
goodreads_sarah,4,130,11,11,0,2,2,0,117,0,2,0,0,11,13,1.0,0.0,0.15384615384615385
goodreads_sarah,5,78,26,24,2,52,52,0,0,0,52,0,0,26,78,0.9230769230769231,0.07692307692307693,0.6666666666666666
goodreads_sarah,6,42,8,6,2,34,34,0,0,0,33,1,0,8,42,0.75,0.25,0.8095238095238095
goodreads_sarah,7,6,1,1,0,5,5,0,0,0,5,0,0,1,6,1.0,0.0,0.8333333333333334
goodreads_sarah,8,61,28,26,2,34,33,0,0,0,34,0,0,28,61,0.9285714285714286,0.07142857142857142,0.5409836065573771
goodreads_sarah,9,44,11,11,0,33,33,0,0,0,33,0,0,11,44,1.0,0.0,0.75
goodreads_sarah,10,28,8,8,0,20,20,0,0,0,20,0,0,8,28,1.0,0.0,0.7142857142857143
goodreads_sarah,11,33,10,9,1,23,23,0,0,0,23,0,0,10,33,0.9,0.1,0.696969696969697
goodreads_sarah,12,51,8,8,0,44,43,0,0,0,44,0,0,8,51,1.0,0.0,0.8431372549019608
goodreads_sarah,13,8,3,2,1,6,5,0,0,0,6,0,0,3,8,0.6666666666666666,0.3333333333333333,0.625
goodreads_sarah,14,53,16,15,1,39,37,0,0,0,39,0,0,16,53,0.9375,0.0625,0.6981132075471698
goodreads_sarah,15,50,4,4,0,45,45,0,1,0,45,0,0,4,49,1.0,0.0,0.9183673469387755
goodreads_sarah,16,6,2,2,0,4,4,0,0,0,4,0,0,2,6,1.0,0.0,0.6666666666666666
goodreads_sarah,17,25,8,8,0,17,17,0,0,0,17,0,0,8,25,1.0,0.0,0.68
goodreads_sarah,18,50,27,26,1,23,23,0,0,0,23,0,0,27,50,0.9629629629629629,0.037037037037037035,0.46
goodreads_sarah,19,12,3,3,0,9,9,0,0,0,9,0,0,3,12,1.0,0.0,0.75
goodreads_sarah,20,51,16,15,1,35,35,0,0,0,35,0,0,16,51,0.9375,0.0625,0.6862745098039216
goodreads_sarah,21,46,21,20,1,26,25,0,0,0,26,0,0,21,46,0.9523809523809523,0.047619047619047616,0.5434782608695652
goodreads_sarah,22,29,9,9,0,20,20,0,0,0,20,0,0,9,29,1.0,0.0,0.6896551724137931
goodreads_sarah,23,46,24,23,1,21,21,0,1,0,21,0,0,24,45,0.9583333333333334,0.041666666666666664,0.4666666666666667
goodreads_sarah,24,15,5,5,0,10,10,0,0,0,10,0,0,5,15,1.0,0.0,0.6666666666666666
goodreads_sarah,25,24,6,6,0,18,18,0,0,0,18,0,0,6,24,1.0,0.0,0.75
goodreads_sarah,26,18,7,7,0,11,11,0,0,0,11,0,0,7,18,1.0,0.0,0.6111111111111112
goodreads_sarah,27,15,0,0,0,15,15,0,0,0,15,0,0,0,15,0.0,0.0,1.0
goodreads_sarah,28,31,6,5,1,25,25,0,0,0,25,0,0,6,31,0.8333333333333334,0.16666666666666666,0.8064516129032258
goodreads_sarah,29,20,8,6,2,10,10,0,2,0,10,0,0,8,18,0.75,0.25,0.5555555555555556
goodreads_sarah,30,13,5,3,2,8,8,0,0,0,8,0,0,5,13,0.6,0.4,0.6153846153846154
goodreads_sarah,31,23,5,5,0,18,18,0,0,0,18,0,0,5,23,1.0,0.0,0.782608695652174
goodreads_sarah,32,8,1,1,0,7,7,0,0,0,7,0,0,1,8,1.0,0.0,0.875
goodreads_sarah,33,6,2,2,0,4,4,0,0,0,4,0,0,2,6,1.0,0.0,0.6666666666666666
goodreads_sarah,34,3,1,0,1,2,2,0,0,0,2,0,0,1,3,0.0,1.0,0.6666666666666666
goodreads_sarah,35,7,1,1,0,6,6,0,0,0,6,0,0,1,7,1.0,0.0,0.8571428571428571
goodreads_sarah,36,6,4,4,0,2,2,0,0,0,2,0,0,4,6,1.0,0.0,0.3333333333333333
goodreads_sarah,37,10,2,2,0,8,8,0,0,0,8,0,0,2,10,1.0,0.0,0.8
goodreads_sarah,38,5,2,2,0,3,3,0,0,0,3,0,0,2,5,1.0,0.0,0.6
goodreads_sarah,39,7,1,0,1,6,6,0,0,0,6,0,0,1,7,0.0,1.0,0.8571428571428571
goodreads_sarah,40,3,1,1,0,2,2,0,0,0,2,0,0,1,3,1.0,0.0,0.6666666666666666
goodreads_sarah,41,18,15,15,0,3,3,0,0,0,3,0,0,15,18,1.0,0.0,0.16666666666666666
goodreads_sarah,42,6,5,4,1,1,1,0,0,0,1,0,0,5,6,0.8,0.2,0.16666666666666666
goodreads_sarah,43,1,0,0,0,1,1,0,0,0,1,0,0,0,1,0.0,0.0,1.0
goodreads_sarah,44,1,0,0,0,1,1,0,0,0,1,0,0,0,1,0.0,0.0,1.0
goodreads_sarah,45,1,0,0,0,1,1,0,0,0,1,0,0,0,1,0.0,0.0,1.0
goodreads_sarah,46,1,1,1,0,0,0,0,0,0,0,0,0,1,1,1.0,0.0,0.0
goodreads_sarah,47,1,0,0,0,1,1,0,0,0,1,0,0,0,1,0.0,0.0,1.0
goodreads_sarah,48,1,0,0,0,1,1,0,0,0,1,0,0,0,1,0.0,0.0,1.0
goodreads_shannon,0,78,13,13,0,65,65,0,0,0,63,2,0,13,78,1.0,0.0,0.8333333333333334
goodreads_shannon,1,116,50,46,3,65,65,1,1,0,65,0,0,49,114,0.9387755102040817,0.061224489795918366,0.5701754385964912
goodreads_shannon,2,138,53,52,0,83,82,1,3,0,81,2,0,52,134,1.0,0.0,0.6119402985074627
goodreads_shannon,3,64,37,36,1,29,27,0,0,0,28,1,0,37,64,0.972972972972973,0.02702702702702703,0.421875
goodreads_shannon,4,6,0,0,0,6,6,0,0,0,6,0,0,0,6,0.0,0.0,1.0
goodreads_shannon,5,56,22,22,1,34,33,0,0,0,34,0,1,23,56,0.9565217391304348,0.043478260869565216,0.5892857142857143
goodreads_shannon,6,65,23,23,0,43,42,0,0,0,43,0,0,23,65,1.0,0.0,0.6461538461538462
goodreads_shannon,7,103,45,42,2,58,58,1,0,0,58,0,0,44,102,0.9545454545454546,0.045454545454545456,0.5686274509803921
goodreads_shannon,8,29,7,6,1,22,22,0,0,0,22,0,0,7,29,0.8571428571428571,0.14285714285714285,0.7586206896551724
goodreads_shannon,9,36,3,3,0,33,33,0,0,0,33,0,0,3,36,1.0,0.0,0.9166666666666666
goodreads_shannon,10,75,40,38,2,36,35,0,0,0,36,0,0,40,75,0.95,0.05,0.4666666666666667
goodreads_shannon,11,51,20,19,1,31,31,0,0,0,31,0,0,20,51,0.95,0.05,0.6078431372549019
goodreads_shannon,12,47,7,6,1,40,40,0,0,0,40,0,0,7,47,0.8571428571428571,0.14285714285714285,0.851063829787234
goodreads_shannon,13,84,49,45,4,33,32,1,2,0,32,1,1,49,81,0.9183673469387755,0.08163265306122448,0.3950617283950617
goodreads_shannon,14,40,22,21,1,17,17,0,1,0,17,0,0,22,39,0.9545454545454546,0.045454545454545456,0.4358974358974359
goodreads_shannon,15,45,12,12,0,33,33,0,0,0,33,0,0,12,45,1.0,0.0,0.7333333333333333
goodreads_shannon,16,82,38,36,1,44,43,1,1,0,44,0,0,37,80,0.972972972972973,0.02702702702702703,0.5375
goodreads_shannon,17,41,12,11,1,29,29,0,0,0,29,0,0,12,41,0.9166666666666666,0.08333333333333333,0.7073170731707317
goodreads_shannon,18,34,22,19,3,12,12,0,0,0,12,0,0,22,34,0.8636363636363636,0.13636363636363635,0.35294117647058826
goodreads_shannon,19,62,17,16,1,45,45,0,0,0,45,0,0,17,62,0.9411764705882353,0.058823529411764705,0.7258064516129032
goodreads_shannon,20,28,12,12,0,16,16,0,0,0,16,0,0,12,28,1.0,0.0,0.5714285714285714
goodreads_shannon,21,31,7,7,0,24,24,0,0,0,24,0,0,7,31,1.0,0.0,0.7741935483870968
goodreads_shannon,22,37,10,10,0,27,27,0,0,0,27,0,0,10,37,1.0,0.0,0.7297297297297297
goodreads_shannon,23,7,1,0,1,6,6,0,0,0,6,0,0,1,7,0.0,1.0,0.8571428571428571
goodreads_shannon,24,43,23,22,1,19,19,0,1,0,19,0,0,23,42,0.9565217391304348,0.043478260869565216,0.4523809523809524
goodreads_shannon,25,32,20,20,0,12,12,0,0,0,10,2,0,20,32,1.0,0.0,0.375
goodreads_shannon,26,38,13,13,0,25,25,0,0,0,25,0,0,13,38,1.0,0.0,0.6578947368421053
goodreads_shannon,27,40,11,10,1,29,29,0,0,0,29,0,0,11,40,0.9090909090909091,0.09090909090909091,0.725
goodreads_shannon,28,8,1,1,0,7,7,0,0,0,7,0,0,1,8,1.0,0.0,0.875
goodreads_shannon,29,25,11,11,0,14,14,0,0,0,14,0,0,11,25,1.0,0.0,0.56
goodreads_shannon,30,34,6,5,1,27,27,0,1,0,27,0,0,6,33,0.8333333333333334,0.16666666666666666,0.8181818181818182
goodreads_shannon,31,20,8,8,0,12,12,0,0,0,12,0,0,8,20,1.0,0.0,0.6
goodreads_shannon,32,36,13,12,1,25,23,0,0,0,25,0,0,13,36,0.9230769230769231,0.07692307692307693,0.6388888888888888
goodreads_shannon,33,35,18,18,0,17,17,0,0,0,16,1,0,18,35,1.0,0.0,0.4857142857142857
goodreads_shannon,34,34,27,26,1,7,7,0,0,0,7,0,0,27,34,0.9629629629629629,0.037037037037037035,0.20588235294117646
goodreads_shannon,35,29,10,10,0,19,19,0,0,0,19,0,0,10,29,1.0,0.0,0.6551724137931034
goodreads_shannon,36,24,15,15,0,10,9,0,0,0,10,0,0,15,24,1.0,0.0,0.375
goodreads_shannon,37,16,8,8,0,7,7,0,1,0,7,0,0,8,15,1.0,0.0,0.4666666666666667
goodreads_shannon,38,21,7,7,0,14,14,0,0,0,14,0,0,7,21,1.0,0.0,0.6666666666666666
goodreads_shannon,39,16,11,11,0,5,5,0,0,0,5,0,0,11,16,1.0,0.0,0.3125
goodreads_shannon,40,15,8,8,0,8,7,0,0,0,8,0,0,8,15,1.0,0.0,0.4666666666666667
goodreads_shannon,42,2,1,1,0,1,1,0,0,0,1,0,0,1,2,1.0,0.0,0.5
goodreads_shannon,49,1,0,0,0,1,1,0,0,0,1,0,0,0,1,0.0,0.0,1.0
goodreads_shannon,50,1,0,0,0,1,1,0,0,0,1,0,0,0,1,0.0,0.0,1.0
goodreads_shannon,51,1,0,0,0,1,1,0,0,0,1,0,0,0,1,0.0,0.0,1.0
goodreads_shannon,52,1,0,0,0,1,1,0,0,0,1,0,0,0,1,0.0,0.0,1.0
goodreads_shannon,53,1,0,0,0,1,1,0,0,0,1,0,0,0,1,0.0,0.0,1.0
goodreads_shannon,54,1,1,1,0,0,0,0,0,0,0,0,0,1,1,1.0,0.0,0.0
goodreads_you,0,140,46,43,0,90,90,3,4,0,89,1,0,43,133,1.0,0.0,0.6766917293233082
goodreads_you,1,5,0,0,0,3,3,0,2,0,3,0,0,0,3,0.0,0.0,1.0
goodreads_you,2,10,4,4,0,4,4,0,2,0,4,0,0,4,8,1.0,0.0,0.5
goodreads_you,3,1,0,0,0,1,1,0,0,0,1,0,0,0,1,0.0,0.0,1.0
goodreads_you,5,2,0,0,0,2,2,0,0,0,2,0,0,0,2,0.0,0.0,1.0
goodreads_you,6,11,1,1,0,8,8,0,2,0,8,0,0,1,9,1.0,0.0,0.8888888888888888
goodreads_you,7,4,2,2,0,2,2,0,0,0,1,1,0,2,4,1.0,0.0,0.5
goodreads_you,8,21,8,7,0,12,12,1,1,0,12,0,0,7,19,1.0,0.0,0.631578947368421
goodreads_you,9,30,6,4,2,22,22,0,2,0,22,0,0,6,28,0.6666666666666666,0.3333333333333333,0.7857142857142857
goodreads_you,11,21,11,10,1,10,10,0,0,0,10,0,0,11,21,0.9090909090909091,0.09090909090909091,0.47619047619047616
goodreads_you,12,3,1,1,0,1,1,0,1,0,1,0,0,1,2,1.0,0.0,0.5
goodreads_you,13,5,2,2,0,2,2,0,1,0,2,0,0,2,4,1.0,0.0,0.5
goodreads_you,14,4,2,2,0,1,1,0,1,0,1,0,0,2,3,1.0,0.0,0.3333333333333333
goodreads_you,15,1,1,1,0,0,0,0,0,0,0,0,0,1,1,1.0,0.0,0.0
goodreads_you,16,1,1,1,0,0,0,0,0,0,0,0,0,1,1,1.0,0.0,0.0
goodreads_you,17,25,6,5,1,18,18,0,1,0,18,0,0,6,24,0.8333333333333334,0.16666666666666666,0.75
goodreads_you,18,5,2,2,0,0,0,0,3,0,0,0,0,2,2,1.0,0.0,0.0
goodreads_you,19,6,2,2,0,3,3,0,1,0,3,0,0,2,5,1.0,0.0,0.6
goodreads_you,20,3,0,0,0,3,3,0,0,0,2,1,0,0,3,0.0,0.0,1.0
goodreads_you,21,3,0,0,0,3,3,0,0,0,3,0,0,0,3,0.0,0.0,1.0
goodreads_you,22,3,2,2,0,1,1,0,0,0,1,0,0,2,3,1.0,0.0,0.3333333333333333
goodreads_you,23,7,3,3,0,3,3,0,1,0,3,0,0,3,6,1.0,0.0,0.5
goodreads_you,24,4,2,2,0,2,2,0,0,0,2,0,0,2,4,1.0,0.0,0.5
goodreads_you,28,13,0,0,0,13,13,0,0,0,12,1,0,0,13,0.0,0.0,1.0
goodreads_you,29,6,3,3,0,3,3,0,0,0,2,1,0,3,6,1.0,0.0,0.5
goodreads_you,30,1,1,1,0,0,0,0,0,0,0,0,0,1,1,1.0,0.0,0.0
goodreads_you,31,3,1,1,0,2,2,0,0,0,2,0,0,1,3,1.0,0.0,0.6666666666666666
goodreads_you,32,4,2,2,0,2,2,0,0,0,1,1,0,2,4,1.0,0.0,0.5
goodreads_you,33,2,1,1,0,0,0,0,1,0,0,0,0,1,1,1.0,0.0,0.0
goodreads_you,35,1,1,1,0,0,0,0,0,0,0,0,0,1,1,1.0,0.0,0.0
goodreads_you,36,4,1,1,0,3,3,0,0,0,3,0,0,1,4,1.0,0.0,0.75
goodreads_you,37,1,0,0,0,1,1,0,0,0,1,0,0,0,1,0.0,0.0,1.0
goodreads_you,39,2,0,0,0,2,2,0,0,0,2,0,0,0,2,0.0,0.0,1.0
goodreads_you,40,5,3,2,0,2,2,1,0,0,2,0,0,2,4,1.0,0.0,0.5
goodreads_you,42,1,1,1,0,0,0,0,0,0,0,0,0,1,1,1.0,0.0,0.0
