reader_id,model,rank,community_id,score,book_count,positive_book_count,negative_book_count,exposure_book_count
goodreads_sarah,Model A — Positive Rate,1,46,1.0,1,1,0,0
goodreads_sarah,Model A — Positive Rate,2,41,0.8333333333333334,18,15,0,3
goodreads_sarah,Model A — Positive Rate,3,36,0.6666666666666666,6,4,0,2
goodreads_sarah,Model A — Positive Rate,4,42,0.6666666666666666,6,4,1,1
goodreads_sarah,Model A — Positive Rate,5,18,0.52,50,26,1,23
goodreads_sarah,Model A — Positive Rate,6,23,0.5,46,23,1,21
goodreads_sarah,Model A — Positive Rate,7,21,0.43478260869565216,46,20,1,26
goodreads_sarah,Model A — Positive Rate,8,3,0.43023255813953487,86,37,4,45
goodreads_sarah,Model A — Positive Rate,9,8,0.4262295081967213,61,26,2,34
goodreads_sarah,Model A — Positive Rate,10,38,0.4,5,2,0,3
goodreads_sarah,Model B — Positive Count,1,3,37.0,86,37,4,45
goodreads_sarah,Model B — Positive Count,2,8,26.0,61,26,2,34
goodreads_sarah,Model B — Positive Count,3,18,26.0,50,26,1,23
goodreads_sarah,Model B — Positive Count,4,5,24.0,78,24,2,52
goodreads_sarah,Model B — Positive Count,5,23,23.0,46,23,1,21
goodreads_sarah,Model B — Positive Count,6,0,20.0,72,20,1,52
goodreads_sarah,Model B — Positive Count,7,21,20.0,46,20,1,26
goodreads_sarah,Model B — Positive Count,8,14,15.0,53,15,1,39
goodreads_sarah,Model B — Positive Count,9,20,15.0,51,15,1,35
goodreads_sarah,Model B — Positive Count,10,1,15.0,44,15,0,29
goodreads_sarah,Model C — Evidence Adjusted,1,18,0.69189453125,50,26,1,23
goodreads_sarah,Model C — Evidence Adjusted,2,3,0.6688327032136107,86,37,4,45
goodreads_sarah,Model C — Evidence Adjusted,3,23,0.6631985731272294,46,23,1,21
goodreads_sarah,Model C — Evidence Adjusted,4,8,0.6505968778696052,61,26,2,34
goodreads_sarah,Model C — Evidence Adjusted,5,5,0.6305931321540064,78,24,2,52
goodreads_sarah,Model C — Evidence Adjusted,6,0,0.628698224852071,72,20,1,52
goodreads_sarah,Model C — Evidence Adjusted,7,21,0.628698224852071,46,20,1,26
goodreads_sarah,Model C — Evidence Adjusted,8,1,0.609375,44,15,0,29
goodreads_sarah,Model C — Evidence Adjusted,9,41,0.609375,18,15,0,3
goodreads_sarah,Model C — Evidence Adjusted,10,14,0.5527210884353742,53,15,1,39
goodreads_shannon,Model A — Positive Rate,1,54,1.0,1,1,0,0
goodreads_shannon,Model A — Positive Rate,2,34,0.7647058823529411,34,26,1,7
goodreads_shannon,Model A — Positive Rate,3,39,0.6875,16,11,0,5
goodreads_shannon,Model A — Positive Rate,4,25,0.625,32,20,0,12
goodreads_shannon,Model A — Positive Rate,5,36,0.625,24,15,0,10
goodreads_shannon,Model A — Positive Rate,6,3,0.5625,64,36,1,29
goodreads_shannon,Model A — Positive Rate,7,18,0.5588235294117647,34,19,3,12
goodreads_shannon,Model A — Positive Rate,8,13,0.5357142857142857,84,45,4,33
goodreads_shannon,Model A — Positive Rate,9,40,0.5333333333333333,15,8,0,8
goodreads_shannon,Model A — Positive Rate,10,14,0.525,40,21,1,17
goodreads_shannon,Model B — Positive Count,1,2,52.0,138,52,0,83
goodreads_shannon,Model B — Positive Count,2,1,46.0,116,46,3,65
goodreads_shannon,Model B — Positive Count,3,13,45.0,84,45,4,33
goodreads_shannon,Model B — Positive Count,4,7,42.0,103,42,2,58
goodreads_shannon,Model B — Positive Count,5,10,38.0,75,38,2,36
goodreads_shannon,Model B — Positive Count,6,16,36.0,82,36,1,44
goodreads_shannon,Model B — Positive Count,7,3,36.0,64,36,1,29
goodreads_shannon,Model B — Positive Count,8,34,26.0,34,26,1,7
goodreads_shannon,Model B — Positive Count,9,6,23.0,65,23,0,43
goodreads_shannon,Model B — Positive Count,10,5,22.0,56,22,1,34
goodreads_shannon,Model C — Evidence Adjusted,1,2,0.8522622345337026,138,52,0,83
goodreads_shannon,Model C — Evidence Adjusted,2,16,0.7602040816326531,82,36,1,44
goodreads_shannon,Model C — Evidence Adjusted,3,3,0.7602040816326531,64,36,1,29
goodreads_shannon,Model C — Evidence Adjusted,4,7,0.7565597667638484,103,42,2,58
goodreads_shannon,Model C — Evidence Adjusted,5,1,0.7453703703703705,116,46,3,65
goodreads_shannon,Model C — Evidence Adjusted,6,10,0.7365432098765431,75,38,2,36
goodreads_shannon,Model C — Evidence Adjusted,7,13,0.7137345679012346,84,45,4,33
goodreads_shannon,Model C — Evidence Adjusted,8,6,0.7114158163265306,65,23,0,43
goodreads_shannon,Model C — Evidence Adjusted,9,34,0.69189453125,34,26,1,7
goodreads_shannon,Model C — Evidence Adjusted,10,25,0.68,32,20,0,12
goodreads_you,Model A — Positive Rate,1,15,1.0,1,1,0,0
goodreads_you,Model A — Positive Rate,2,16,1.0,1,1,0,0
goodreads_you,Model A — Positive Rate,3,30,1.0,1,1,0,0
goodreads_you,Model A — Positive Rate,4,35,1.0,1,1,0,0
goodreads_you,Model A — Positive Rate,5,42,1.0,1,1,0,0
goodreads_you,Model A — Positive Rate,6,22,0.6666666666666666,3,2,0,1
goodreads_you,Model A — Positive Rate,7,29,0.5,6,3,0,3
goodreads_you,Model A — Positive Rate,8,7,0.5,4,2,0,2
goodreads_you,Model A — Positive Rate,9,14,0.5,4,2,0,1
goodreads_you,Model A — Positive Rate,10,24,0.5,4,2,0,2
goodreads_you,Model B — Positive Count,1,0,43.0,140,43,0,90
goodreads_you,Model B — Positive Count,2,11,10.0,21,10,1,10
goodreads_you,Model B — Positive Count,3,8,7.0,21,7,0,12
goodreads_you,Model B — Positive Count,4,17,5.0,25,5,1,18
goodreads_you,Model B — Positive Count,5,9,4.0,30,4,2,22
goodreads_you,Model B — Positive Count,6,2,4.0,10,4,0,4
goodreads_you,Model B — Positive Count,7,23,3.0,7,3,0,3
goodreads_you,Model B — Positive Count,8,29,3.0,6,3,0,3
goodreads_you,Model B — Positive Count,9,19,2.0,6,2,0,3
goodreads_you,Model B — Positive Count,10,13,2.0,5,2,0,2
goodreads_you,Model C — Evidence Adjusted,1,0,0.8258463541666667,140,43,0,90
goodreads_you,Model C — Evidence Adjusted,2,11,0.439453125,21,10,1,10
goodreads_you,Model C — Evidence Adjusted,3,8,0.4010416666666667,21,7,0,12
goodreads_you,Model C — Evidence Adjusted,4,2,0.25925925925925924,10,4,0,4
goodreads_you,Model C — Evidence Adjusted,5,17,0.2582644628099174,25,5,1,18
goodreads_you,Model C — Evidence Adjusted,6,23,0.19921875,7,3,0,3
goodreads_you,Model C — Evidence Adjusted,7,29,0.19921875,6,3,0,3
goodreads_you,Model C — Evidence Adjusted,8,9,0.17355371900826447,30,4,2,22
goodreads_you,Model C — Evidence Adjusted,9,19,0.1326530612244898,6,2,0,3
goodreads_you,Model C — Evidence Adjusted,10,13,0.1326530612244898,5,2,0,2
