reader_id,community_id,book_count,read_book_count,positive_book_count,negative_book_count,exposure_book_count,tbr_book_count,currently_reading_book_count,dnf_book_count,positive_rate,negative_rate,exposure_rate,model_a_positive_rate,model_b_positive_count,model_c_preference_score,model_c_preference_rate_smoothed,model_c_preference_evidence,model_c_exposure_only_books,model_c_negative_rate,model_c_evidence_multiplier,model_c_raw_preference_rate
goodreads_sarah,0,72,21,20,1,52,50,2,0,0.2777777777777778,0.0138888888888888,0.7222222222222222,0.2777777777777778,20.0,0.628698224852071,0.8173076923076923,21.0,51.0,0.047619047619047616,0.8076923076923077,0.9523809523809523
goodreads_sarah,1,44,15,15,0,29,29,0,0,0.3409090909090909,0.0,0.6590909090909091,0.3409090909090909,15.0,0.609375,0.8125,15.0,29.0,0.0,0.75,1.0
goodreads_sarah,2,10,3,3,0,7,7,0,0,0.3,0.0,0.7,0.3,3.0,0.19921875,0.53125,3.0,7.0,0.0,0.375,1.0
goodreads_sarah,3,86,41,37,4,45,45,0,0,0.4302325581395348,0.0465116279069767,0.5232558139534884,0.43023255813953487,37.0,0.6688327032136107,0.8315217391304348,41.0,45.0,0.0975609756097561,0.8913043478260869,0.9024390243902439
goodreads_sarah,4,130,11,11,0,2,2,0,0,0.0846153846153846,0.0,0.0153846153846153,0.08461538461538462,11.0,0.5263671875,0.765625,11.0,119.0,0.0,0.6875,1.0
goodreads_sarah,5,78,26,24,2,52,52,0,0,0.3076923076923077,0.0256410256410256,0.6666666666666666,0.3076923076923077,24.0,0.6305931321540064,0.8145161290322581,26.0,52.0,0.07692307692307693,0.8387096774193549,0.9230769230769231
goodreads_sarah,6,42,8,6,2,34,33,1,0,0.1428571428571428,0.0476190476190476,0.8095238095238095,0.14285714285714285,6.0,0.25739644970414205,0.5576923076923077,8.0,34.0,0.25,0.6153846153846154,0.75
goodreads_sarah,7,6,1,1,0,5,5,0,0,0.1666666666666666,0.0,0.8333333333333334,0.16666666666666666,1.0,0.0625,0.375,1.0,5.0,0.0,0.16666666666666666,1.0
goodreads_sarah,8,61,28,26,2,34,34,0,0,0.4262295081967213,0.0327868852459016,0.5573770491803278,0.4262295081967213,26.0,0.6505968778696052,0.8257575757575758,28.0,33.0,0.07142857142857142,0.8484848484848485,0.9285714285714286
goodreads_sarah,9,44,11,11,0,33,33,0,0,0.25,0.0,0.75,0.25,11.0,0.5263671875,0.765625,11.0,33.0,0.0,0.6875,1.0
goodreads_sarah,10,28,8,8,0,20,20,0,0,0.2857142857142857,0.0,0.7142857142857143,0.2857142857142857,8.0,0.4378698224852071,0.7115384615384616,8.0,20.0,0.0,0.6153846153846154,1.0
goodreads_sarah,11,33,10,9,1,23,23,0,0,0.2727272727272727,0.0303030303030303,0.696969696969697,0.2727272727272727,9.0,0.41,0.6833333333333333,10.0,23.0,0.1,0.6666666666666666,0.9
goodreads_sarah,12,51,8,8,0,44,44,0,0,0.1568627450980392,0.0,0.8627450980392157,0.1568627450980392,8.0,0.4378698224852071,0.7115384615384616,8.0,43.0,0.0,0.6153846153846154,1.0
goodreads_sarah,13,8,3,2,1,6,6,0,0,0.25,0.125,0.75,0.25,2.0,0.10156250000000001,0.40625,3.0,5.0,0.3333333333333333,0.375,0.6666666666666666
goodreads_sarah,14,53,16,15,1,39,39,0,0,0.2830188679245283,0.0188679245283018,0.7358490566037735,0.2830188679245283,15.0,0.5527210884353742,0.7738095238095238,16.0,37.0,0.0625,0.7619047619047619,0.9375
goodreads_sarah,15,50,4,4,0,45,45,0,0,0.08,0.0,0.9,0.08,4.0,0.25925925925925924,0.5833333333333334,4.0,46.0,0.0,0.4444444444444444,1.0
goodreads_sarah,16,6,2,2,0,4,4,0,0,0.3333333333333333,0.0,0.6666666666666666,0.3333333333333333,2.0,0.1326530612244898,0.4642857142857143,2.0,4.0,0.0,0.2857142857142857,1.0
goodreads_sarah,17,25,8,8,0,17,17,0,0,0.32,0.0,0.68,0.32,8.0,0.4378698224852071,0.7115384615384616,8.0,17.0,0.0,0.6153846153846154,1.0
goodreads_sarah,18,50,27,26,1,23,23,0,0,0.52,0.02,0.46,0.52,26.0,0.69189453125,0.8515625,27.0,23.0,0.037037037037037035,0.84375,0.9629629629629629
goodreads_sarah,19,12,3,3,0,9,9,0,0,0.25,0.0,0.75,0.25,3.0,0.19921875,0.53125,3.0,9.0,0.0,0.375,1.0
goodreads_sarah,20,51,16,15,1,35,35,0,0,0.2941176470588235,0.0196078431372549,0.6862745098039216,0.29411764705882354,15.0,0.5527210884353742,0.7738095238095238,16.0,35.0,0.0625,0.7619047619047619,0.9375
goodreads_sarah,21,46,21,20,1,26,26,0,0,0.4347826086956521,0.0217391304347826,0.5652173913043478,0.43478260869565216,20.0,0.628698224852071,0.8173076923076923,21.0,25.0,0.047619047619047616,0.8076923076923077,0.9523809523809523
goodreads_sarah,22,29,9,9,0,20,20,0,0,0.3103448275862069,0.0,0.6896551724137931,0.3103448275862069,9.0,0.47066326530612246,0.7321428571428571,9.0,20.0,0.0,0.6428571428571429,1.0
goodreads_sarah,23,46,24,23,1,21,21,0,0,0.5,0.0217391304347826,0.4565217391304347,0.5,23.0,0.6631985731272294,0.8362068965517241,24.0,22.0,0.041666666666666664,0.8275862068965517,0.9583333333333334
goodreads_sarah,24,15,5,5,0,10,10,0,0,0.3333333333333333,0.0,0.6666666666666666,0.3333333333333333,5.0,0.3125,0.625,5.0,10.0,0.0,0.5,1.0
goodreads_sarah,25,24,6,6,0,18,18,0,0,0.25,0.0,0.75,0.25,6.0,0.3595041322314049,0.6590909090909091,6.0,18.0,0.0,0.5454545454545454,1.0
goodreads_sarah,26,18,7,7,0,11,11,0,0,0.3888888888888889,0.0,0.6111111111111112,0.3888888888888889,7.0,0.4010416666666667,0.6875,7.0,11.0,0.0,0.5833333333333334,1.0
goodreads_sarah,27,15,0,0,0,15,15,0,0,0.0,0.0,1.0,0.0,0.0,0.0,0.25,0.0,15.0,0.0,0.0,
goodreads_sarah,28,31,6,5,1,25,25,0,0,0.1612903225806451,0.032258064516129,0.8064516129032258,0.16129032258064516,5.0,0.2582644628099174,0.5681818181818182,6.0,25.0,0.16666666666666666,0.5454545454545454,0.8333333333333334
goodreads_sarah,29,20,8,6,2,10,10,0,0,0.3,0.1,0.5,0.3,6.0,0.25739644970414205,0.5576923076923077,8.0,12.0,0.25,0.6153846153846154,0.75
goodreads_sarah,30,13,5,3,2,8,8,0,0,0.2307692307692307,0.1538461538461538,0.6153846153846154,0.23076923076923078,3.0,0.1275,0.425,5.0,8.0,0.4,0.5,0.6
goodreads_sarah,31,23,5,5,0,18,18,0,0,0.217391304347826,0.0,0.782608695652174,0.21739130434782608,5.0,0.3125,0.625,5.0,18.0,0.0,0.5,1.0
goodreads_sarah,32,8,1,1,0,7,7,0,0,0.125,0.0,0.875,0.125,1.0,0.0625,0.375,1.0,7.0,0.0,0.16666666666666666,1.0
goodreads_sarah,33,6,2,2,0,4,4,0,0,0.3333333333333333,0.0,0.6666666666666666,0.3333333333333333,2.0,0.1326530612244898,0.4642857142857143,2.0,4.0,0.0,0.2857142857142857,1.0
goodreads_sarah,34,3,1,0,1,2,2,0,0,0.0,0.3333333333333333,0.6666666666666666,0.0,0.0,0.0,0.20833333333333334,1.0,2.0,1.0,0.16666666666666666,0.0
goodreads_sarah,35,7,1,1,0,6,6,0,0,0.1428571428571428,0.0,0.8571428571428571,0.14285714285714285,1.0,0.0625,0.375,1.0,6.0,0.0,0.16666666666666666,1.0
goodreads_sarah,36,6,4,4,0,2,2,0,0,0.6666666666666666,0.0,0.3333333333333333,0.6666666666666666,4.0,0.25925925925925924,0.5833333333333334,4.0,2.0,0.0,0.4444444444444444,1.0
goodreads_sarah,37,10,2,2,0,8,8,0,0,0.2,0.0,0.8,0.2,2.0,0.1326530612244898,0.4642857142857143,2.0,8.0,0.0,0.2857142857142857,1.0
goodreads_sarah,38,5,2,2,0,3,3,0,0,0.4,0.0,0.6,0.4,2.0,0.1326530612244898,0.4642857142857143,2.0,3.0,0.0,0.2857142857142857,1.0
goodreads_sarah,39,7,1,0,1,6,6,0,0,0.0,0.1428571428571428,0.8571428571428571,0.0,0.0,0.0,0.20833333333333334,1.0,6.0,1.0,0.16666666666666666,0.0
goodreads_sarah,40,3,1,1,0,2,2,0,0,0.3333333333333333,0.0,0.6666666666666666,0.3333333333333333,1.0,0.0625,0.375,1.0,2.0,0.0,0.16666666666666666,1.0
goodreads_sarah,41,18,15,15,0,3,3,0,0,0.8333333333333334,0.0,0.1666666666666666,0.8333333333333334,15.0,0.609375,0.8125,15.0,3.0,0.0,0.75,1.0
goodreads_sarah,42,6,5,4,1,1,1,0,0,0.6666666666666666,0.1666666666666666,0.1666666666666666,0.6666666666666666,4.0,0.21000000000000002,0.525,5.0,1.0,0.2,0.5,0.8
goodreads_sarah,43,1,0,0,0,1,1,0,0,0.0,0.0,1.0,0.0,0.0,0.0,0.25,0.0,1.0,0.0,0.0,
goodreads_sarah,44,1,0,0,0,1,1,0,0,0.0,0.0,1.0,0.0,0.0,0.0,0.25,0.0,1.0,0.0,0.0,
goodreads_sarah,45,1,0,0,0,1,1,0,0,0.0,0.0,1.0,0.0,0.0,0.0,0.25,0.0,1.0,0.0,0.0,
goodreads_sarah,46,1,1,1,0,0,0,0,0,1.0,0.0,0.0,1.0,1.0,0.0625,0.375,1.0,0.0,0.0,0.16666666666666666,1.0
goodreads_sarah,47,1,0,0,0,1,1,0,0,0.0,0.0,1.0,0.0,0.0,0.0,0.25,0.0,1.0,0.0,0.0,
goodreads_sarah,48,1,0,0,0,1,1,0,0,0.0,0.0,1.0,0.0,0.0,0.0,0.25,0.0,1.0,0.0,0.0,
goodreads_shannon,0,78,13,13,0,65,63,2,0,0.1666666666666666,0.0,0.8333333333333334,0.16666666666666666,13.0,0.5717592592592592,0.7916666666666666,13.0,65.0,0.0,0.7222222222222222,1.0
goodreads_shannon,1,116,50,46,3,65,65,0,0,0.396551724137931,0.0258620689655172,0.5603448275862069,0.39655172413793105,46.0,0.7453703703703705,0.875,49.0,67.0,0.061224489795918366,0.9074074074074074,0.9387755102040817
goodreads_shannon,2,138,53,52,0,83,81,2,0,0.3768115942028985,0.0,0.6014492753623188,0.37681159420289856,52.0,0.8522622345337026,0.9342105263157895,52.0,86.0,0.0,0.9122807017543859,1.0
goodreads_shannon,3,64,37,36,1,29,28,1,0,0.5625,0.015625,0.453125,0.5625,36.0,0.7602040816326531,0.8869047619047619,37.0,27.0,0.02702702702702703,0.8809523809523809,0.972972972972973
goodreads_shannon,4,6,0,0,0,6,6,0,0,0.0,0.0,1.0,0.0,0.0,0.0,0.25,0.0,6.0,0.0,0.0,
goodreads_shannon,5,56,22,22,1,34,34,0,1,0.3928571428571428,0.0178571428571428,0.6071428571428571,0.39285714285714285,22.0,0.6524234693877551,0.8303571428571429,23.0,33.0,0.043478260869565216,0.8214285714285714,0.9565217391304348
goodreads_shannon,6,65,23,23,0,43,43,0,0,0.3538461538461538,0.0,0.6615384615384615,0.35384615384615387,23.0,0.7114158163265306,0.8660714285714286,23.0,42.0,0.0,0.8214285714285714,1.0
goodreads_shannon,7,103,45,42,2,58,58,0,0,0.4077669902912621,0.0194174757281553,0.5631067961165048,0.4077669902912621,42.0,0.7565597667638484,0.8826530612244898,44.0,59.0,0.045454545454545456,0.8979591836734694,0.9545454545454546
goodreads_shannon,8,29,7,6,1,22,22,0,0,0.2068965517241379,0.0344827586206896,0.7586206896551724,0.20689655172413793,6.0,0.30208333333333337,0.6041666666666666,7.0,22.0,0.14285714285714285,0.5833333333333334,0.8571428571428571
goodreads_shannon,9,36,3,3,0,33,33,0,0,0.0833333333333333,0.0,0.9166666666666666,0.08333333333333333,3.0,0.19921875,0.53125,3.0,33.0,0.0,0.375,1.0
goodreads_shannon,10,75,40,38,2,36,36,0,0,0.5066666666666667,0.0266666666666666,0.48,0.5066666666666667,38.0,0.7365432098765431,0.8722222222222222,40.0,35.0,0.05,0.8888888888888888,0.95
goodreads_shannon,11,51,20,19,1,31,31,0,0,0.3725490196078431,0.0196078431372549,0.6078431372549019,0.37254901960784315,19.0,0.6156000000000001,0.81,20.0,31.0,0.05,0.8,0.95
goodreads_shannon,12,47,7,6,1,40,40,0,0,0.1276595744680851,0.0212765957446808,0.851063829787234,0.1276595744680851,6.0,0.30208333333333337,0.6041666666666666,7.0,40.0,0.14285714285714285,0.5833333333333334,0.8571428571428571
goodreads_shannon,13,84,49,45,4,33,32,1,1,0.5357142857142857,0.0476190476190476,0.3928571428571428,0.5357142857142857,45.0,0.7137345679012346,0.8564814814814815,49.0,35.0,0.08163265306122448,0.9074074074074074,0.9183673469387755
goodreads_shannon,14,40,22,21,1,17,17,0,0,0.525,0.025,0.425,0.525,21.0,0.6409465020576132,0.8240740740740741,22.0,18.0,0.045454545454545456,0.8148148148148148,0.9545454545454546
goodreads_shannon,15,45,12,12,0,33,33,0,0,0.2666666666666666,0.0,0.7333333333333333,0.26666666666666666,12.0,0.5501730103806228,0.7794117647058824,12.0,33.0,0.0,0.7058823529411765,1.0
goodreads_shannon,16,82,38,36,1,44,44,0,0,0.4390243902439024,0.0121951219512195,0.5365853658536586,0.43902439024390244,36.0,0.7602040816326531,0.8869047619047619,37.0,45.0,0.02702702702702703,0.8809523809523809,0.972972972972973
goodreads_shannon,17,41,12,11,1,29,29,0,0,0.2682926829268293,0.024390243902439,0.7073170731707317,0.2682926829268293,11.0,0.4662629757785467,0.7205882352941176,12.0,29.0,0.08333333333333333,0.7058823529411765,0.9166666666666666
goodreads_shannon,18,34,22,19,3,12,12,0,0,0.5588235294117647,0.088235294117647,0.3529411764705882,0.5588235294117647,19.0,0.5277777777777777,0.75,22.0,12.0,0.13636363636363635,0.8148148148148148,0.8636363636363636
goodreads_shannon,19,62,17,16,1,45,45,0,0,0.2580645161290322,0.0161290322580645,0.7258064516129032,0.25806451612903225,16.0,0.5702479338842974,0.7840909090909091,17.0,45.0,0.058823529411764705,0.7727272727272727,0.9411764705882353
goodreads_shannon,20,28,12,12,0,16,16,0,0,0.4285714285714285,0.0,0.5714285714285714,0.42857142857142855,12.0,0.5501730103806228,0.7794117647058824,12.0,16.0,0.0,0.7058823529411765,1.0
goodreads_shannon,21,31,7,7,0,24,24,0,0,0.2258064516129032,0.0,0.7741935483870968,0.22580645161290322,7.0,0.4010416666666667,0.6875,7.0,24.0,0.0,0.5833333333333334,1.0
goodreads_shannon,22,37,10,10,0,27,27,0,0,0.2702702702702703,0.0,0.7297297297297297,0.2702702702702703,10.0,0.5,0.75,10.0,27.0,0.0,0.6666666666666666,1.0
goodreads_shannon,23,7,1,0,1,6,6,0,0,0.0,0.1428571428571428,0.8571428571428571,0.0,0.0,0.0,0.20833333333333334,1.0,6.0,1.0,0.16666666666666666,0.0
goodreads_shannon,24,43,23,22,1,19,19,0,0,0.5116279069767442,0.0232558139534883,0.4418604651162791,0.5116279069767442,22.0,0.6524234693877551,0.8303571428571429,23.0,20.0,0.043478260869565216,0.8214285714285714,0.9565217391304348
goodreads_shannon,25,32,20,20,0,12,10,2,0,0.625,0.0,0.375,0.625,20.0,0.68,0.85,20.0,12.0,0.0,0.8,1.0
goodreads_shannon,26,38,13,13,0,25,25,0,0,0.3421052631578947,0.0,0.6578947368421053,0.34210526315789475,13.0,0.5717592592592592,0.7916666666666666,13.0,25.0,0.0,0.7222222222222222,1.0
goodreads_shannon,27,40,11,10,1,29,29,0,0,0.25,0.025,0.725,0.25,10.0,0.439453125,0.703125,11.0,29.0,0.09090909090909091,0.6875,0.9090909090909091
goodreads_shannon,28,8,1,1,0,7,7,0,0,0.125,0.0,0.875,0.125,1.0,0.0625,0.375,1.0,7.0,0.0,0.16666666666666666,1.0
goodreads_shannon,29,25,11,11,0,14,14,0,0,0.44,0.0,0.56,0.44,11.0,0.5263671875,0.765625,11.0,14.0,0.0,0.6875,1.0
goodreads_shannon,30,34,6,5,1,27,27,0,0,0.1470588235294117,0.0294117647058823,0.7941176470588235,0.14705882352941177,5.0,0.2582644628099174,0.5681818181818182,6.0,28.0,0.16666666666666666,0.5454545454545454,0.8333333333333334
goodreads_shannon,31,20,8,8,0,12,12,0,0,0.4,0.0,0.6,0.4,8.0,0.4378698224852071,0.7115384615384616,8.0,12.0,0.0,0.6153846153846154,1.0
goodreads_shannon,32,36,13,12,1,25,25,0,0,0.3333333333333333,0.0277777777777777,0.6944444444444444,0.3333333333333333,12.0,0.49074074074074076,0.7361111111111112,13.0,23.0,0.07692307692307693,0.7222222222222222,0.9230769230769231
goodreads_shannon,33,35,18,18,0,17,16,1,0,0.5142857142857142,0.0,0.4857142857142857,0.5142857142857142,18.0,0.6550094517958412,0.8369565217391305,18.0,17.0,0.0,0.782608695652174,1.0
goodreads_shannon,34,34,27,26,1,7,7,0,0,0.7647058823529411,0.0294117647058823,0.2058823529411764,0.7647058823529411,26.0,0.69189453125,0.8515625,27.0,7.0,0.037037037037037035,0.84375,0.9629629629629629
goodreads_shannon,35,29,10,10,0,19,19,0,0,0.3448275862068966,0.0,0.6551724137931034,0.3448275862068966,10.0,0.5,0.75,10.0,19.0,0.0,0.6666666666666666,1.0
goodreads_shannon,36,24,15,15,0,10,10,0,0,0.625,0.0,0.4166666666666667,0.625,15.0,0.609375,0.8125,15.0,9.0,0.0,0.75,1.0
goodreads_shannon,37,16,8,8,0,7,7,0,0,0.5,0.0,0.4375,0.5,8.0,0.4378698224852071,0.7115384615384616,8.0,8.0,0.0,0.6153846153846154,1.0
goodreads_shannon,38,21,7,7,0,14,14,0,0,0.3333333333333333,0.0,0.6666666666666666,0.3333333333333333,7.0,0.4010416666666667,0.6875,7.0,14.0,0.0,0.5833333333333334,1.0
goodreads_shannon,39,16,11,11,0,5,5,0,0,0.6875,0.0,0.3125,0.6875,11.0,0.5263671875,0.765625,11.0,5.0,0.0,0.6875,1.0
goodreads_shannon,40,15,8,8,0,8,8,0,0,0.5333333333333333,0.0,0.5333333333333333,0.5333333333333333,8.0,0.4378698224852071,0.7115384615384616,8.0,7.0,0.0,0.6153846153846154,1.0
goodreads_shannon,42,2,1,1,0,1,1,0,0,0.5,0.0,0.5,0.5,1.0,0.0625,0.375,1.0,1.0,0.0,0.16666666666666666,1.0
goodreads_shannon,49,1,0,0,0,1,1,0,0,0.0,0.0,1.0,0.0,0.0,0.0,0.25,0.0,1.0,0.0,0.0,
goodreads_shannon,50,1,0,0,0,1,1,0,0,0.0,0.0,1.0,0.0,0.0,0.0,0.25,0.0,1.0,0.0,0.0,
goodreads_shannon,51,1,0,0,0,1,1,0,0,0.0,0.0,1.0,0.0,0.0,0.0,0.25,0.0,1.0,0.0,0.0,
goodreads_shannon,52,1,0,0,0,1,1,0,0,0.0,0.0,1.0,0.0,0.0,0.0,0.25,0.0,1.0,0.0,0.0,
goodreads_shannon,53,1,0,0,0,1,1,0,0,0.0,0.0,1.0,0.0,0.0,0.0,0.25,0.0,1.0,0.0,0.0,
goodreads_shannon,54,1,1,1,0,0,0,0,0,1.0,0.0,0.0,1.0,1.0,0.0625,0.375,1.0,0.0,0.0,0.16666666666666666,1.0
goodreads_you,0,140,46,43,0,90,89,1,0,0.3071428571428571,0.0,0.6428571428571429,0.30714285714285716,43.0,0.8258463541666667,0.921875,43.0,97.0,0.0,0.8958333333333334,1.0
goodreads_you,1,5,0,0,0,3,3,0,0,0.0,0.0,0.6,0.0,0.0,0.0,0.25,0.0,5.0,0.0,0.0,
goodreads_you,2,10,4,4,0,4,4,0,0,0.4,0.0,0.4,0.4,4.0,0.25925925925925924,0.5833333333333334,4.0,6.0,0.0,0.4444444444444444,1.0
goodreads_you,3,1,0,0,0,1,1,0,0,0.0,0.0,1.0,0.0,0.0,0.0,0.25,0.0,1.0,0.0,0.0,
goodreads_you,5,2,0,0,0,2,2,0,0,0.0,0.0,1.0,0.0,0.0,0.0,0.25,0.0,2.0,0.0,0.0,
goodreads_you,6,11,1,1,0,8,8,0,0,0.0909090909090909,0.0,0.7272727272727273,0.09090909090909091,1.0,0.0625,0.375,1.0,10.0,0.0,0.16666666666666666,1.0
goodreads_you,7,4,2,2,0,2,1,1,0,0.5,0.0,0.5,0.5,2.0,0.1326530612244898,0.4642857142857143,2.0,2.0,0.0,0.2857142857142857,1.0
goodreads_you,8,21,8,7,0,12,12,0,0,0.3333333333333333,0.0,0.5714285714285714,0.3333333333333333,7.0,0.4010416666666667,0.6875,7.0,14.0,0.0,0.5833333333333334,1.0
goodreads_you,9,30,6,4,2,22,22,0,0,0.1333333333333333,0.0666666666666666,0.7333333333333333,0.13333333333333333,4.0,0.17355371900826447,0.4772727272727273,6.0,24.0,0.3333333333333333,0.5454545454545454,0.6666666666666666
goodreads_you,11,21,11,10,1,10,10,0,0,0.4761904761904761,0.0476190476190476,0.4761904761904761,0.47619047619047616,10.0,0.439453125,0.703125,11.0,10.0,0.09090909090909091,0.6875,0.9090909090909091
goodreads_you,12,3,1,1,0,1,1,0,0,0.3333333333333333,0.0,0.3333333333333333,0.3333333333333333,1.0,0.0625,0.375,1.0,2.0,0.0,0.16666666666666666,1.0
goodreads_you,13,5,2,2,0,2,2,0,0,0.4,0.0,0.4,0.4,2.0,0.1326530612244898,0.4642857142857143,2.0,3.0,0.0,0.2857142857142857,1.0
goodreads_you,14,4,2,2,0,1,1,0,0,0.5,0.0,0.25,0.5,2.0,0.1326530612244898,0.4642857142857143,2.0,2.0,0.0,0.2857142857142857,1.0
goodreads_you,15,1,1,1,0,0,0,0,0,1.0,0.0,0.0,1.0,1.0,0.0625,0.375,1.0,0.0,0.0,0.16666666666666666,1.0
goodreads_you,16,1,1,1,0,0,0,0,0,1.0,0.0,0.0,1.0,1.0,0.0625,0.375,1.0,0.0,0.0,0.16666666666666666,1.0
goodreads_you,17,25,6,5,1,18,18,0,0,0.2,0.04,0.72,0.2,5.0,0.2582644628099174,0.5681818181818182,6.0,19.0,0.16666666666666666,0.5454545454545454,0.8333333333333334
goodreads_you,18,5,2,2,0,0,0,0,0,0.4,0.0,0.0,0.4,2.0,0.1326530612244898,0.4642857142857143,2.0,3.0,0.0,0.2857142857142857,1.0
goodreads_you,19,6,2,2,0,3,3,0,0,0.3333333333333333,0.0,0.5,0.3333333333333333,2.0,0.1326530612244898,0.4642857142857143,2.0,4.0,0.0,0.2857142857142857,1.0
goodreads_you,20,3,0,0,0,3,2,1,0,0.0,0.0,1.0,0.0,0.0,0.0,0.25,0.0,3.0,0.0,0.0,
goodreads_you,21,3,0,0,0,3,3,0,0,0.0,0.0,1.0,0.0,0.0,0.0,0.25,0.0,3.0,0.0,0.0,
goodreads_you,22,3,2,2,0,1,1,0,0,0.6666666666666666,0.0,0.3333333333333333,0.6666666666666666,2.0,0.1326530612244898,0.4642857142857143,2.0,1.0,0.0,0.2857142857142857,1.0
goodreads_you,23,7,3,3,0,3,3,0,0,0.4285714285714285,0.0,0.4285714285714285,0.42857142857142855,3.0,0.19921875,0.53125,3.0,4.0,0.0,0.375,1.0
goodreads_you,24,4,2,2,0,2,2,0,0,0.5,0.0,0.5,0.5,2.0,0.1326530612244898,0.4642857142857143,2.0,2.0,0.0,0.2857142857142857,1.0
goodreads_you,28,13,0,0,0,13,12,1,0,0.0,0.0,1.0,0.0,0.0,0.0,0.25,0.0,13.0,0.0,0.0,
goodreads_you,29,6,3,3,0,3,2,1,0,0.5,0.0,0.5,0.5,3.0,0.19921875,0.53125,3.0,3.0,0.0,0.375,1.0
goodreads_you,30,1,1,1,0,0,0,0,0,1.0,0.0,0.0,1.0,1.0,0.0625,0.375,1.0,0.0,0.0,0.16666666666666666,1.0
goodreads_you,31,3,1,1,0,2,2,0,0,0.3333333333333333,0.0,0.6666666666666666,0.3333333333333333,1.0,0.0625,0.375,1.0,2.0,0.0,0.16666666666666666,1.0
goodreads_you,32,4,2,2,0,2,1,1,0,0.5,0.0,0.5,0.5,2.0,0.1326530612244898,0.4642857142857143,2.0,2.0,0.0,0.2857142857142857,1.0
goodreads_you,33,2,1,1,0,0,0,0,0,0.5,0.0,0.0,0.5,1.0,0.0625,0.375,1.0,1.0,0.0,0.16666666666666666,1.0
goodreads_you,35,1,1,1,0,0,0,0,0,1.0,0.0,0.0,1.0,1.0,0.0625,0.375,1.0,0.0,0.0,0.16666666666666666,1.0
goodreads_you,36,4,1,1,0,3,3,0,0,0.25,0.0,0.75,0.25,1.0,0.0625,0.375,1.0,3.0,0.0,0.16666666666666666,1.0
goodreads_you,37,1,0,0,0,1,1,0,0,0.0,0.0,1.0,0.0,0.0,0.0,0.25,0.0,1.0,0.0,0.0,
goodreads_you,39,2,0,0,0,2,2,0,0,0.0,0.0,1.0,0.0,0.0,0.0,0.25,0.0,2.0,0.0,0.0,
goodreads_you,40,5,3,2,0,2,2,0,0,0.4,0.0,0.4,0.4,2.0,0.1326530612244898,0.4642857142857143,2.0,3.0,0.0,0.2857142857142857,1.0
goodreads_you,42,1,1,1,0,0,0,0,0,1.0,0.0,0.0,1.0,1.0,0.0625,0.375,1.0,0.0,0.0,0.16666666666666666,1.0
