cluster_id,book_count,top_attributes
0,446,"['fantasy', 'fiction fantasy general', 'new york times bestseller', 'magic', ""children's fiction"", 'romance', 'juvenile fiction', 'fantasy fiction', 'fiction romance general', 'american literature']"
1,403,"['new york times bestseller', 'juvenile fiction', ""children's fiction"", 'fantasy', 'romans nouvelles', 'science fiction', 'fantasy fiction', 'american literature', 'new york times reviewed', 'friendship']"
2,455,"['new york times bestseller', 'fiction thrillers suspense', 'american literature', 'fiction psychological', 'murder', 'fiction suspense', 'fiction thrillers general', 'suspense', 'mystery', 'thriller']"
3,510,"['new york times bestseller', 'fiction romance contemporary', 'man-woman relationships', 'fiction romance general', 'romance', 'american literature', ""children's fiction"", 'fiction women', 'love stories', 'romans nouvelles']"
4,601,"['new york times bestseller', 'american literature', 'fiction women', ""children's fiction"", 'fiction family life', 'fiction romance general', 'fiction family life general', 'romance', 'fiction romance contemporary', 'contemporary']"
5,69,"['cooking', 'new york times bestseller', 'home economics', 'cooking comfort food', 'diet', 'diet therapy', 'gardening for children', 'nutrition', 'recipes', 'social life and customs']"
6,173,"['new york times bestseller', 'psychology', 'biography', 'self-actualization psychology', 'happiness', 'psychological aspects', 'biography and autobiography', 'mental health', 'success', 'conduct of life']"
7,129,"['horsemanship', 'horses', 'children grades 4-6', ""children's 9-12 - fiction - general"", 'juvenile fiction', 'animals - horses', 'juvenile fiction animals horses', 'friendship', ""children's fiction"", 'juvenile fiction general']"
8,535,"['fiction romance general', 'american literature', 'fiction romance contemporary', 'romance', 'new york times bestseller', 'contemporary', 'man-woman relationships', 'contemporary romance', 'fiction women', 'english literature']"
