k,silhouette_mean,silhouette_std,stability_ari_mean,min_cluster_size,min_cluster_pct
6,0.02827879476050536,0.0002004086050920503,0.9091703536829949,130,0.039144835892803376
7,0.029111537461479504,0.0004280375312311288,0.9361905497846289,130,0.039144835892803376
8,0.028009874125321705,0.0004166487608903822,0.7687799033335065,129,0.03884372177055104
9,0.029399675006667774,0.00018118754580198087,0.7738383768731025,65,0.019572417946401688
10,0.02941732108592987,0.00034086031361859427,0.5631734487164396,69,0.02077687443541102
11,0.028326536839207012,0.000504510200003857,0.6881798464204512,64,0.019271303824149353
12,0.027217034250497818,0.00029274267366568777,0.5336553223057638,73,0.021981330924420357
13,0.027231027682622273,0.0010477751837838839,0.5416741887938251,65,0.019572417946401688
14,0.02596081793308258,0.0007167512835385061,0.4635141292734696,66,0.01987353206865402
15,0.025780638679862022,0.00023737258411875287,0.48985529677068795,26,0.007828967178560674
16,0.026792774597803753,0.0008009538258864602,0.42940145751873093,50,0.015055706112616682
17,0.026916793858011562,0.0014008191234094408,0.5180692738272463,53,0.015959048479373683
18,0.02553760881225268,0.00010559996827589584,0.49519500167578234,52,0.015657934357121348
