reader,cluster_id,book_count,positive_count,negative_count,observed_count,intent_count,preference_rate,exposure_rate,intent_rate
you,0,195,44,2,142,139,0.9565217391304348,0.7282051282051282,0.7128205128205128
you,1,75,31,1,35,35,0.96875,0.4666666666666667,0.4666666666666667
you,2,25,10,0,10,8,1.0,0.4,0.32
you,3,22,6,1,13,13,0.8571428571428571,0.5909090909090909,0.5909090909090909
you,4,31,15,0,11,10,1.0,0.3548387096774194,0.3225806451612903
you,6,3,0,0,2,2,,0.6666666666666666,0.6666666666666666
you,8,7,1,0,6,6,1.0,0.8571428571428571,0.8571428571428571
sarah,0,148,34,3,112,110,0.918918918918919,0.7567567567567568,0.7432432432432432
sarah,1,238,91,9,134,134,0.91,0.5630252100840336,0.5630252100840336
sarah,2,24,7,0,17,17,1.0,0.7083333333333334,0.7083333333333334
sarah,3,131,41,2,90,89,0.9534883720930233,0.6870229007633588,0.6793893129770993
sarah,4,221,58,4,159,159,0.9354838709677419,0.7194570135746606,0.7194570135746606
sarah,5,34,4,0,30,30,1.0,0.8823529411764706,0.8823529411764706
sarah,6,56,16,0,40,40,1.0,0.7142857142857143,0.7142857142857143
sarah,7,127,11,0,2,2,1.0,0.015748031496062992,0.015748031496062992
sarah,8,326,114,8,205,205,0.9344262295081968,0.6288343558282209,0.6288343558282209
shannon,0,148,28,1,118,116,0.9655172413793104,0.7972972972972973,0.7837837837837838
shannon,1,118,38,1,79,79,0.9743589743589743,0.6694915254237288,0.6694915254237288
shannon,2,421,159,5,256,254,0.9695121951219512,0.6080760095011877,0.6033254156769596
shannon,3,380,204,9,167,166,0.9577464788732394,0.4394736842105263,0.4368421052631579
shannon,4,381,126,5,251,249,0.9618320610687023,0.6587926509186351,0.6535433070866141
shannon,5,35,11,0,24,24,1.0,0.6857142857142857,0.6857142857142857
shannon,6,116,45,4,65,65,0.9183673469387755,0.5603448275862069,0.5603448275862069
shannon,7,2,0,0,2,2,,1.0,1.0
shannon,8,228,91,4,132,130,0.9578947368421052,0.5789473684210527,0.5701754385964912
