canonical_book_id_a,canonical_book_id_b,title_a,title_b,author_a,author_b,title_match,base_title_match,author_match,isbn_match,work_id_match,edition_id_match,description_similarity,evidence_score,confidence,evidence_reasons
book_1a17476ef9783c07,book_5a5bdc4966271f87,"The Ex Hex (The Ex Hex, #1)","The Ex Hex (The Ex Hex, #1)",Erin Sterling,Erin Sterling,True,True,True,False,False,False,1.0,0.4,high,same normalized title | same normalized author | very similar descriptions
book_1c6ebfe79606f8f2,book_58013e4869cfb19d,Spark: The Revolutionary New Science of Exercise and the Brain,Spark: The Revolutionary New Science of Exercise and the Brain,John J. Ratey,John J. Ratey,True,True,True,False,False,False,1.0,0.4,high,same normalized title | same normalized author | very similar descriptions
book_2558fb0e2cb80bab,book_cb14ff4039308659,I Have Some Questions for You,I Have Some Questions for You,Rebecca Makkai,Rebecca Makkai,True,True,True,False,False,False,1.0,0.4,high,same normalized title | same normalized author | very similar descriptions
book_3add8af5fd91c7c5,book_43d6274fcb406433,"Horse Wise (Saddle Club, #11)","Horse Wise (Saddle Club, #11)",Bonnie Bryant,Bonnie Bryant,True,True,True,False,False,False,1.0,0.4,high,same normalized title | same normalized author | very similar descriptions
book_3d0010515f10a6f3,book_52a6d3ebcc0c4539,Hula for the Home Front (American Girl: Nanea #2),Hula for the Home Front (American Girl: Nanea #2),Kirby Larson,Kirby Larson,True,True,True,False,False,False,1.0,0.4,high,same normalized title | same normalized author | very similar descriptions
book_4870fdbce4215054,book_cb2dfb0a978e5e57,"Yes, Chef","Yes, Chef",Grace Reilly,Grace Reilly,True,True,True,False,False,False,1.0,0.4,high,same normalized title | same normalized author | very similar descriptions
book_4885f1a6094be612,book_c7359e5991c94638,"It Ends with Us (It Ends with Us, #1)","It Ends with Us (It Ends with Us, #1)",Colleen Hoover,Colleen Hoover,True,True,True,False,False,False,1.0,0.4,high,same normalized title | same normalized author | very similar descriptions
book_5d06a6fb9e07d424,book_c76028f759aa18e2,"Tell Me Everything (Amgash, #5)","Tell Me Everything (Amgash, #5)",Elizabeth Strout,Elizabeth Strout,True,True,True,False,False,False,1.0,0.4,high,same normalized title | same normalized author | very similar descriptions
book_5fdb4ed6b666e950,book_f790893d86d975f8,Romantic Comedy,Romantic Comedy,Curtis Sittenfeld,Curtis Sittenfeld,True,True,True,False,False,False,1.0,0.4,high,same normalized title | same normalized author | very similar descriptions
book_8736a801eb12e7f7,book_aa51a17da965596d,"All the Feels (Spoiler Alert, #2)","All the Feels (Spoiler Alert, #2)",Olivia Dade,Olivia Dade,True,True,True,False,False,False,1.0,0.4,high,same normalized title | same normalized author | very similar descriptions
book_c0ff09472d554f7f,book_f93ad6a2b69a0311,The Kind Worth Killing (Henry Kimball/Lily Kintner #1),"The Kind Worth Killing (Henry Kimball/Lily Kintner, #1)",Peter  Swanson,Peter  Swanson,True,True,True,False,False,False,1.0,0.4,high,same normalized title | same normalized author | very similar descriptions
book_c8a50f2a811100ef,book_e8459726cf1d2f72,"The Dry (Aaron Falk, #1)","The Dry (Aaron Falk, #1)",Jane Harper,Jane Harper,True,True,True,False,False,False,1.0,0.4,high,same normalized title | same normalized author | very similar descriptions
book_a205bf5954f8c7aa,book_b98b8b7b5563f009,Honey Bee Mine,Honey Bee Mine,Sarah T. Dubb,Sarah T. Dubb,True,True,True,False,False,False,0.9887005649717514,0.4,high,same normalized title | same normalized author | very similar descriptions
book_a1b8ba78caf7097c,book_b4621b5dee590de2,In Five Years,In Five Years,Rebecca Serle,Rebecca Serle,True,True,True,False,False,False,0.9467455621301775,0.4,high,same normalized title | same normalized author | very similar descriptions
book_30818ee2ec908551,book_4577a4c2cb34dcbb,World's Okayest Oracle (Reluctantly) Seeks Demon (Supernatural Entanglements),World's Okayest Oracle (Reluctantly) Seeks Demon (Supernatural Entanglements Book 2),Olivia Dade,Olivia Dade,False,True,True,False,False,False,1.0,0.35,high,same normalized base title | same normalized author | very similar descriptions
book_510b8dfb1255cf2f,book_de1871ac7aaa5599,"The American Roommate Experiment (Spanish Love Deception, #2)","The American Roommate Experiment (Love Deception, #2)",Elena  Armas,Elena  Armas,False,True,True,False,False,False,1.0,0.35,high,same normalized base title | same normalized author | very similar descriptions
book_67a89244f38e28c1,book_84bef5ab7aabcd5c,"The Last Hope (Maggie Hope, #11)","The Last Hope (Maggie Hope Mystery, #11)",Susan Elia MacNeal,Susan Elia MacNeal,False,True,True,False,False,False,1.0,0.35,high,same normalized base title | same normalized author | very similar descriptions
book_ab9a7bcc96c33df5,book_b65cee284ae90334,Hay Fever (Saddle Club),"Hay Fever (Saddle Club, #34)",bonnie-bryant,Bonnie Bryant,False,True,True,False,False,False,0.9714285714285714,0.35,high,same normalized base title | same normalized author | very similar descriptions
book_5cca494f1de71804,book_bb0d59603e755f0a,Love and Other Words,Love and Other Words,Christina Lauren,Christina Lauren,True,True,True,False,False,False,0.8602150537634409,0.35,medium,same normalized title | same normalized author | similar descriptions
book_8a87ee264853e604,book_c6f9b19d5024a03e,"Love & Other Disasters (Nashville Love, #1)","Love & Other Disasters (Nashville Love, #1)",Anita Kelly,Anita Kelly,True,True,True,False,False,False,0.8323353293413174,0.35,medium,same normalized title | same normalized author | similar descriptions
book_51def82bcde74f69,book_9cf7d5dfd8b2f45b,The Comfort of Crows: A Backyard Year,The Comfort of Crows: A Backyard Year,Margaret   Renkl,Margaret Renkl,True,True,True,False,False,False,0.7988505747126436,0.35,medium,same normalized title | same normalized author | similar descriptions
book_40307bb8f4234c6e,book_f93759b6920f1b24,"Sea Horse (Saddle Club, #14)","Sea Horse (Saddle Club, #14)",Bonnie Bryant,Bonnie Bryant,True,True,True,False,False,False,0.30701754385964913,0.25,low,same normalized title | same normalized author
book_03571b8ba158bee8,book_c63be2406dd8629d,"Team Play (Saddle Club, #15)","Team Play (Saddle Club, #15)",Bonnie Bryant,Bonnie Bryant,True,True,True,False,False,False,0.3055555555555556,0.25,low,same normalized title | same normalized author
book_21728dd022425a84,book_3d6950164ebe5205,"Horse Play (Saddle Club, #7)","Horse Play (Saddle Club, #7)",Bonnie Bryant,Bonnie Bryant,True,True,True,False,False,False,0.2689075630252101,0.25,low,same normalized title | same normalized author
book_68c3b29b4cd0990a,book_b5dc6be488a0d367,"Hoof Beat (Saddle Club, #9)","Hoof Beat (Saddle Club, #9)",Bonnie Bryant,Bonnie Bryant,True,True,True,False,False,False,0.1891891891891892,0.25,low,same normalized title | same normalized author
book_54eec033f6b37d74,book_b1dad0dc15d7ebe9,The Holiday Swap,The Holiday Swap,Maggie Knox,Maggie Knox,True,True,True,False,False,False,0.12121212121212122,0.25,low,same normalized title | same normalized author
book_03273fe3bd9a1c0c,book_351cbd34e72ad0e5,"The Ornithologist's Field Guide to Love (Love's Academic, #1)","The Ornithologist's Field Guide to Love (Love's Academic, #1)",India Holton,India Holton,True,True,True,False,False,False,0.022388059701492536,0.25,low,same normalized title | same normalized author
book_a80ad5ed4abb1e3a,book_d19cb17ee489858c,Fundamentals of Being a Good Girl,"Fundamentals of Being a Good Girl (Academic Affairs, #1)",Julie   Murphy,Julie Murphy,False,True,True,False,False,False,0.29583333333333334,0.2,low,same normalized base title | same normalized author
book_171b8d19d754de64,book_560a466d1e4685e4,"Harry Potter and the Order of the Phoenix (Harry Potter, #5, Part 1)","Harry Potter and the Order of the Phoenix (Harry Potter, #5)",J.K. Rowling,J.K. Rowling,False,True,True,False,False,False,0.12077294685990338,0.2,low,same normalized base title | same normalized author
