graph,resolution,stability_ari,communities,assigned_nodes,noise_nodes,min_community_size,median_community_size,mean_community_size,max_community_size,singleton_communities,mean_internal_similarity,median_internal_similarity,k,threshold
top20,0.25,0.7171611694599948,2,3321,0,136,1660.5,1660.5,3185,0,0.5212842226028442,0.5202324986457825,,
top20,0.5,0.6553568245999329,5,3321,0,138,549.0,664.2,1355,0,0.528910756111145,0.5249267220497131,,
top20,0.75,0.6214812554002028,8,3321,0,61,217.5,415.125,1131,0,0.5309625267982483,0.526420533657074,,
top20,1.0,0.6492537828185821,11,3321,0,18,160.0,301.90909090909093,747,0,0.5308670401573181,0.5255980491638184,,
top20,1.5,0.6127405090443551,20,3321,0,11,128.5,166.05,465,0,0.5343073606491089,0.5275468230247498,,
top20,2.0,0.6580447705636167,28,3321,0,10,105.0,118.60714285714286,356,0,0.5358712673187256,0.5275468826293945,,
top20,3.0,0.7099993734919307,46,3321,0,11,58.5,72.19565217391305,256,0,0.5374975800514221,0.527590811252594,,
knn_k10_threshold040,0.25,0.9722824418960032,18,3321,0,1,1.0,184.5,2496,12,0.549681544303894,0.5431394577026367,10.0,0.4
knn_k10_threshold040,0.5,0.8255171302283025,18,3321,0,1,1.0,184.5,1205,12,0.5530415773391724,0.5452962517738342,10.0,0.4
knn_k10_threshold040,0.75,0.5661266627698197,20,3321,0,1,1.0,166.05,1022,12,0.5546568632125854,0.5465102791786194,10.0,0.4
knn_k10_threshold040,1.0,0.6151513946941872,24,3321,0,1,2.0,138.375,667,12,0.5558450222015381,0.546853244304657,10.0,0.4
knn_k10_threshold040,1.5,0.48085865685053997,33,3321,0,1,80.0,100.63636363636364,478,12,0.560051441192627,0.549485445022583,10.0,0.4
knn_k10_threshold040,2.0,0.5716210917046558,41,3321,0,1,84.0,81.0,349,12,0.5601893663406372,0.548120379447937,10.0,0.4
knn_k10_threshold040,3.0,0.6574698979981027,62,3321,0,1,42.0,53.564516129032256,218,12,0.5622765421867371,0.5487449169158936,10.0,0.4
knn_k10_threshold045,0.25,0.9586022909508412,64,3321,0,1,1.0,51.890625,2447,53,0.5561391711235046,0.5464590787887573,10.0,0.45
knn_k10_threshold045,0.5,0.8441678393943169,66,3321,0,1,1.0,50.31818181818182,1199,53,0.558961808681488,0.5480411052703857,10.0,0.45
knn_k10_threshold045,0.75,0.6016865306894572,67,3321,0,1,1.0,49.56716417910448,927,53,0.5611469149589539,0.5495363473892212,10.0,0.45
knn_k10_threshold045,1.0,0.6345110036291044,70,3321,0,1,1.0,47.44285714285714,722,53,0.5624467134475708,0.5503323674201965,10.0,0.45
knn_k10_threshold045,1.5,0.5344079672281822,79,3321,0,1,1.0,42.037974683544306,407,53,0.5664116144180298,0.5524486303329468,10.0,0.45
knn_k10_threshold045,2.0,0.5778440729600047,89,3321,0,1,1.0,37.31460674157304,263,53,0.5674959421157837,0.5523024797439575,10.0,0.45
knn_k10_threshold045,3.0,0.6525493214894748,103,3321,0,1,1.0,32.24271844660194,219,53,0.5690820217132568,0.5529484748840332,10.0,0.45
knn_k10_threshold050,0.25,0.9659284610151015,203,3321,0,1,1.0,16.35960591133005,2264,181,0.5720927715301514,0.5575352907180786,10.0,0.5
knn_k10_threshold050,0.5,0.7876128520368598,204,3321,0,1,1.0,16.279411764705884,1154,181,0.5751225352287292,0.5590681433677673,10.0,0.5
knn_k10_threshold050,0.75,0.7129112818700624,206,3321,0,1,1.0,16.12135922330097,893,181,0.5763628482818604,0.5601398944854736,10.0,0.5
knn_k10_threshold050,1.0,0.6173399992252477,208,3321,0,1,1.0,15.966346153846153,634,181,0.5789550542831421,0.5615288615226746,10.0,0.5
knn_k10_threshold050,1.5,0.5612146101874721,215,3321,0,1,1.0,15.446511627906977,363,181,0.5820919871330261,0.5622159242630005,10.0,0.5
knn_k10_threshold050,2.0,0.5914634943867819,226,3321,0,1,1.0,14.694690265486726,338,181,0.5833665728569031,0.5625861287117004,10.0,0.5
knn_k10_threshold050,3.0,0.6231655237354224,236,3321,0,1,1.0,14.072033898305085,250,181,0.5851103067398071,0.5638129711151123,10.0,0.5
knn_k10_threshold055,0.25,0.8950087386321748,727,3321,0,1,1.0,4.56808803301238,1754,662,0.6065393686294556,0.5836853981018066,10.0,0.55
knn_k10_threshold055,0.5,0.5881374235097471,730,3321,0,1,1.0,4.549315068493151,912,662,0.6098068356513977,0.5852479934692383,10.0,0.55
knn_k10_threshold055,0.75,0.6716038824778243,735,3321,0,1,1.0,4.518367346938776,765,662,0.6107915043830872,0.5860134363174438,10.0,0.55
knn_k10_threshold055,1.0,0.6447158807330424,736,3321,0,1,1.0,4.512228260869565,522,662,0.6125136017799377,0.5870099067687988,10.0,0.55
knn_k10_threshold055,1.5,0.551467702328153,743,3321,0,1,1.0,4.469717362045761,194,662,0.6174496412277222,0.5894628167152405,10.0,0.55
knn_k10_threshold055,2.0,0.5906935343737093,751,3321,0,1,1.0,4.422103861517976,224,662,0.6184840798377991,0.5901291370391846,10.0,0.55
knn_k10_threshold055,3.0,0.6832812583454181,765,3321,0,1,1.0,4.341176470588235,177,662,0.6199526786804199,0.5905132293701172,10.0,0.55
knn_k10_threshold060,0.25,0.9507869139983995,1790,3321,0,1,1.0,1.8553072625698324,763,1588,0.6714314222335815,0.641494631767273,10.0,0.6
knn_k10_threshold060,0.5,0.8977390145322772,1792,3321,0,1,1.0,1.8532366071428572,385,1588,0.6729303002357483,0.6432802677154541,10.0,0.6
knn_k10_threshold060,0.75,0.7405032684911772,1793,3321,0,1,1.0,1.8522030117122141,343,1588,0.6735963821411133,0.6440039873123169,10.0,0.6
knn_k10_threshold060,1.0,0.7643548985118195,1798,3321,0,1,1.0,1.847052280311457,317,1588,0.6735195517539978,0.6436889171600342,10.0,0.6
knn_k10_threshold060,1.5,0.7242197963921678,1801,3321,0,1,1.0,1.843975569128262,147,1588,0.6761539578437805,0.647287130355835,10.0,0.6
knn_k10_threshold060,2.0,0.6327864473828934,1805,3321,0,1,1.0,1.8398891966759003,114,1588,0.6716281175613403,0.6417922973632812,10.0,0.6
knn_k10_threshold060,3.0,0.6758732585092165,1815,3321,0,1,1.0,1.8297520661157025,65,1588,0.6696023344993591,0.6387138366699219,10.0,0.6
knn_k15_threshold040,0.25,0.6519564014821059,18,3321,0,1,1.0,184.5,2500,12,0.5390080213546753,0.5329340696334839,15.0,0.4
knn_k15_threshold040,0.5,0.5423091924068087,19,3321,0,1,1.0,174.78947368421052,1303,12,0.541901171207428,0.5345646739006042,15.0,0.4
knn_k15_threshold040,0.75,0.7410515704762574,21,3321,0,1,1.0,158.14285714285714,1062,12,0.5440255999565125,0.5360231399536133,15.0,0.4
knn_k15_threshold040,1.0,0.6386355387914349,24,3321,0,1,2.0,138.375,719,12,0.5451028347015381,0.5362370610237122,15.0,0.4
knn_k15_threshold040,1.5,0.61483538953892,29,3321,0,1,87.0,114.51724137931035,523,12,0.5481376647949219,0.5378284454345703,15.0,0.4
knn_k15_threshold040,2.0,0.6035540727547498,40,3321,0,1,75.5,83.025,372,12,0.5500626564025879,0.5377681255340576,15.0,0.4
knn_k15_threshold040,3.0,0.6569483060589653,58,3321,0,1,47.5,57.258620689655174,232,12,0.5520715117454529,0.5383563041687012,15.0,0.4
knn_k15_threshold045,0.25,0.6836485530565922,63,3321,0,1,1.0,52.714285714285715,2444,53,0.5470339059829712,0.5373474359512329,15.0,0.45
knn_k15_threshold045,0.5,0.5924936811148046,66,3321,0,1,1.0,50.31818181818182,1259,53,0.5498725175857544,0.5390210747718811,15.0,0.45
knn_k15_threshold045,0.75,0.7949233834717194,66,3321,0,1,1.0,50.31818181818182,1008,53,0.5512577891349792,0.5398623943328857,15.0,0.45
knn_k15_threshold045,1.0,0.6128183136512427,70,3321,0,1,1.0,47.44285714285714,647,53,0.5540184378623962,0.5411095023155212,15.0,0.45
knn_k15_threshold045,1.5,0.5451324934814658,75,3321,0,1,1.0,44.28,480,53,0.5563060641288757,0.5423334836959839,15.0,0.45
knn_k15_threshold045,2.0,0.6265595900234567,83,3321,0,1,1.0,40.01204819277108,290,53,0.5585439801216125,0.5428255200386047,15.0,0.45
knn_k15_threshold045,3.0,0.6581119311685187,101,3321,0,1,1.0,32.881188118811885,235,53,0.5602114200592041,0.5429216027259827,15.0,0.45
knn_k15_threshold050,0.25,0.9627296001488447,201,3321,0,1,1.0,16.52238805970149,2263,181,0.5658358335494995,0.5508129596710205,15.0,0.5
knn_k15_threshold050,0.5,0.6430790447280729,203,3321,0,1,1.0,16.35960591133005,1097,181,0.5687083601951599,0.552258312702179,15.0,0.5
knn_k15_threshold050,0.75,0.7677304995118078,206,3321,0,1,1.0,16.12135922330097,1064,181,0.5694970488548279,0.5525951385498047,15.0,0.5
knn_k15_threshold050,1.0,0.6093168714585663,211,3321,0,1,1.0,15.739336492890995,744,181,0.5715170502662659,0.5535208582878113,15.0,0.5
knn_k15_threshold050,1.5,0.5577838861266472,213,3321,0,1,1.0,15.591549295774648,418,181,0.5757654309272766,0.555346667766571,15.0,0.5
knn_k15_threshold050,2.0,0.6743628529083724,224,3321,0,1,1.0,14.825892857142858,270,181,0.5785508751869202,0.5568221807479858,15.0,0.5
knn_k15_threshold050,3.0,0.677736552631966,239,3321,0,1,1.0,13.895397489539748,242,181,0.5801278352737427,0.5572415590286255,15.0,0.5
knn_k15_threshold055,0.25,0.8887911313659999,728,3321,0,1,1.0,4.561813186813187,1809,662,0.6044507026672363,0.5804744958877563,15.0,0.55
knn_k15_threshold055,0.5,0.719073799425901,732,3321,0,1,1.0,4.536885245901639,929,662,0.6078064441680908,0.5825525522232056,15.0,0.55
knn_k15_threshold055,0.75,0.6531801332656918,740,3321,0,1,1.0,4.487837837837838,787,662,0.6084778904914856,0.5830636024475098,15.0,0.55
knn_k15_threshold055,1.0,0.6989256353958225,740,3321,0,1,1.0,4.487837837837838,508,662,0.6113432049751282,0.5846274495124817,15.0,0.55
knn_k15_threshold055,1.5,0.5197567557076093,744,3321,0,1,1.0,4.463709677419355,358,662,0.6151942610740662,0.586415708065033,15.0,0.55
knn_k15_threshold055,2.0,0.6011166970294276,747,3321,0,1,1.0,4.445783132530121,212,662,0.6180048584938049,0.5883572101593018,15.0,0.55
knn_k15_threshold055,3.0,0.6787816270531081,763,3321,0,1,1.0,4.352555701179554,202,662,0.620046079158783,0.5894396305084229,15.0,0.55
knn_k15_threshold060,0.25,0.9411244302372178,1790,3321,0,1,1.0,1.8553072625698324,760,1588,0.6740648746490479,0.64866703748703,15.0,0.6
knn_k15_threshold060,0.5,0.896161509024077,1789,3321,0,1,1.0,1.8563443264393515,381,1588,0.6753597259521484,0.6514381170272827,15.0,0.6
knn_k15_threshold060,0.75,0.8027844458507971,1793,3321,0,1,1.0,1.8522030117122141,351,1588,0.6758022904396057,0.6520123481750488,15.0,0.6
knn_k15_threshold060,1.0,0.7164480727905338,1794,3321,0,1,1.0,1.851170568561873,279,1588,0.6765008568763733,0.6533212661743164,15.0,0.6
knn_k15_threshold060,1.5,0.721340686056437,1797,3321,0,1,1.0,1.8480801335559265,249,1588,0.6771085858345032,0.6544263362884521,15.0,0.6
knn_k15_threshold060,2.0,0.6447778920469888,1803,3321,0,1,1.0,1.8419301164725457,115,1588,0.6706951856613159,0.6421349048614502,15.0,0.6
knn_k15_threshold060,3.0,0.665319283978572,1813,3321,0,1,1.0,1.8317705460562603,90,1588,0.6694607138633728,0.640366792678833,15.0,0.6
knn_k20_threshold040,0.25,0.6578701428484758,15,3321,0,1,1.0,221.4,2998,12,0.5298492908477783,0.5238999128341675,20.0,0.4
knn_k20_threshold040,0.5,0.6787593371712637,18,3321,0,1,1.0,184.5,1317,12,0.5346525311470032,0.5270000696182251,20.0,0.4
knn_k20_threshold040,0.75,0.5735194721767174,21,3321,0,1,1.0,158.14285714285714,1067,12,0.5367555022239685,0.5288962125778198,20.0,0.4
knn_k20_threshold040,1.0,0.6930891038139187,25,3321,0,1,3.0,132.84,687,12,0.5385018587112427,0.5290771722793579,20.0,0.4
knn_k20_threshold040,1.5,0.6046441425727463,30,3321,0,1,68.5,110.7,486,12,0.5412228107452393,0.5307433605194092,20.0,0.4
knn_k20_threshold040,2.0,0.6059400468033725,39,3321,0,1,92.0,85.15384615384616,335,12,0.5432443618774414,0.5306744575500488,20.0,0.4
knn_k20_threshold040,3.0,0.737230457856143,55,3321,0,1,52.0,60.38181818181818,257,12,0.5448182225227356,0.530605137348175,20.0,0.4
knn_k20_threshold045,0.25,0.9813322127851882,63,3321,0,1,1.0,52.714285714285715,2451,53,0.540908694267273,0.5309971570968628,20.0,0.45
knn_k20_threshold045,0.5,0.6899648082096457,65,3321,0,1,1.0,51.09230769230769,1345,53,0.543605625629425,0.5321469306945801,20.0,0.45
knn_k20_threshold045,0.75,0.6135627307869678,68,3321,0,1,1.0,48.838235294117645,1131,53,0.5447832345962524,0.5331171751022339,20.0,0.45
knn_k20_threshold045,1.0,0.6796173828946648,68,3321,0,1,1.0,48.838235294117645,777,53,0.5467461347579956,0.534095048904419,20.0,0.45
knn_k20_threshold045,1.5,0.5789540680162402,76,3321,0,1,1.0,43.69736842105263,433,53,0.5506425499916077,0.5361433029174805,20.0,0.45
knn_k20_threshold045,2.0,0.6764252411356751,83,3321,0,1,1.0,40.01204819277108,357,53,0.5517206192016602,0.535358726978302,20.0,0.45
knn_k20_threshold045,3.0,0.6830303721877412,98,3321,0,1,1.0,33.88775510204081,253,53,0.5546437501907349,0.5364877581596375,20.0,0.45
knn_k20_threshold050,0.25,0.9750601326169629,201,3321,0,1,1.0,16.52238805970149,2286,181,0.5619361400604248,0.5464445352554321,20.0,0.5
knn_k20_threshold050,0.5,0.5478328270489049,203,3321,0,1,1.0,16.35960591133005,1269,181,0.5646186470985413,0.5474758744239807,20.0,0.5
knn_k20_threshold050,0.75,0.6623347697533027,208,3321,0,1,1.0,15.966346153846153,1035,181,0.5660215020179749,0.5485451817512512,20.0,0.5
knn_k20_threshold050,1.0,0.6692932251404587,210,3321,0,1,1.0,15.814285714285715,753,181,0.5681021809577942,0.5495644807815552,20.0,0.5
knn_k20_threshold050,1.5,0.6419546248972456,216,3321,0,1,1.0,15.375,410,181,0.5724513530731201,0.5515391826629639,20.0,0.5
knn_k20_threshold050,2.0,0.61736586619951,218,3321,0,1,1.0,15.23394495412844,296,181,0.5751368403434753,0.552854597568512,20.0,0.5
knn_k20_threshold050,3.0,0.6892311777553054,238,3321,0,1,1.0,13.953781512605042,229,181,0.5783196687698364,0.5539559125900269,20.0,0.5
knn_k20_threshold055,0.25,0.9164426680931334,727,3321,0,1,1.0,4.56808803301238,1836,662,0.6040314435958862,0.5793827176094055,20.0,0.55
knn_k20_threshold055,0.5,0.8591157393012002,734,3321,0,1,1.0,4.524523160762943,888,662,0.6076681613922119,0.5815938711166382,20.0,0.55
knn_k20_threshold055,0.75,0.7151901648266067,738,3321,0,1,1.0,4.5,792,662,0.6084553003311157,0.582324206829071,20.0,0.55
knn_k20_threshold055,1.0,0.7079961163599778,734,3321,0,1,1.0,4.524523160762943,474,662,0.6119818687438965,0.584378719329834,20.0,0.55
knn_k20_threshold055,1.5,0.5854663585159942,739,3321,0,1,1.0,4.493910690121786,314,662,0.6157381534576416,0.5865342617034912,20.0,0.55
knn_k20_threshold055,2.0,0.5930853936055875,749,3321,0,1,1.0,4.433911882510014,186,662,0.6192577481269836,0.5889400243759155,20.0,0.55
knn_k20_threshold055,3.0,0.6738978066492326,759,3321,0,1,1.0,4.375494071146245,187,662,0.6215590238571167,0.590714693069458,20.0,0.55
knn_k20_threshold060,0.25,0.9527933590824772,1789,3321,0,1,1.0,1.8563443264393515,769,1588,0.6759489178657532,0.6567806005477905,20.0,0.6
knn_k20_threshold060,0.5,0.7273971849437153,1789,3321,0,1,1.0,1.8563443264393515,375,1588,0.6772297024726868,0.6595864295959473,20.0,0.6
knn_k20_threshold060,0.75,0.7623788243338772,1791,3321,0,1,1.0,1.8542713567839195,321,1588,0.6776609420776367,0.6611678004264832,20.0,0.6
knn_k20_threshold060,1.0,0.7677472532355019,1792,3321,0,1,1.0,1.8532366071428572,301,1588,0.6778877973556519,0.6616881489753723,20.0,0.6
knn_k20_threshold060,1.5,0.7160567982065768,1798,3321,0,1,1.0,1.847052280311457,256,1588,0.6727685928344727,0.6496332883834839,20.0,0.6
knn_k20_threshold060,2.0,0.6586849216043208,1802,3321,0,1,1.0,1.8429522752497225,110,1588,0.6713054776191711,0.6451759338378906,20.0,0.6
knn_k20_threshold060,3.0,0.6633555086609851,1814,3321,0,1,1.0,1.830760749724366,97,1588,0.6653307676315308,0.6375700235366821,20.0,0.6
knn_k30_threshold040,0.25,0.9960635790817154,16,3321,0,1,1.0,207.5625,3003,12,0.5193604230880737,0.5135900974273682,30.0,0.4
knn_k30_threshold040,0.5,0.6224467840098753,17,3321,0,1,1.0,195.35294117647058,1291,12,0.5236133337020874,0.5161958932876587,30.0,0.4
knn_k30_threshold040,0.75,0.6690397162911986,18,3321,0,1,1.0,184.5,1165,12,0.5251449942588806,0.5176789164543152,30.0,0.4
knn_k30_threshold040,1.0,0.6538658454873245,23,3321,0,1,1.0,144.3913043478261,799,12,0.5273499488830566,0.5184839963912964,30.0,0.4
knn_k30_threshold040,1.5,0.6277764470549864,25,3321,0,1,109.0,132.84,524,12,0.5287985801696777,0.5183377265930176,30.0,0.4
knn_k30_threshold040,2.0,0.6457183821097656,36,3321,0,1,81.0,92.25,381,12,0.532162070274353,0.5198048949241638,30.0,0.4
knn_k30_threshold040,3.0,0.7242229828841337,51,3321,0,1,62.0,65.11764705882354,261,12,0.5347186923027039,0.5199003219604492,30.0,0.4
knn_k30_threshold045,0.25,0.8860581647739353,62,3321,0,1,1.0,53.564516129032256,2656,53,0.5321438908576965,0.5218484401702881,30.0,0.45
knn_k30_threshold045,0.5,0.7593198124835253,65,3321,0,1,1.0,51.09230769230769,1227,53,0.5352449417114258,0.5233302116394043,30.0,0.45
knn_k30_threshold045,0.75,0.6318347390589043,67,3321,0,1,1.0,49.56716417910448,1153,53,0.5363017320632935,0.5242229700088501,30.0,0.45
knn_k30_threshold045,1.0,0.6641692736793418,67,3321,0,1,1.0,49.56716417910448,805,53,0.5385966300964355,0.5250508785247803,30.0,0.45
knn_k30_threshold045,1.5,0.6058416457734742,73,3321,0,1,1.0,45.49315068493151,511,53,0.5420204401016235,0.5262511968612671,30.0,0.45
knn_k30_threshold045,2.0,0.6456038510903124,82,3321,0,1,1.0,40.5,373,53,0.5448720455169678,0.5278262495994568,30.0,0.45
knn_k30_threshold045,3.0,0.7307177929189641,96,3321,0,1,1.0,34.59375,267,53,0.5476459264755249,0.5283842086791992,30.0,0.45
knn_k30_threshold050,0.25,0.9806830023685941,202,3321,0,1,1.0,16.440594059405942,2283,181,0.5569320321083069,0.5409141778945923,30.0,0.5
knn_k30_threshold050,0.5,0.6203013351322533,204,3321,0,1,1.0,16.279411764705884,1325,181,0.5597826838493347,0.5420671701431274,30.0,0.5
knn_k30_threshold050,0.75,0.7867854715453477,208,3321,0,1,1.0,15.966346153846153,1092,181,0.560669481754303,0.5426892042160034,30.0,0.5
knn_k30_threshold050,1.0,0.6723311189363818,209,3321,0,1,1.0,15.889952153110048,675,181,0.5643543004989624,0.5443388223648071,30.0,0.5
knn_k30_threshold050,1.5,0.5964600330641696,211,3321,0,1,1.0,15.739336492890995,494,181,0.5681866407394409,0.5462161302566528,30.0,0.5
knn_k30_threshold050,2.0,0.5582085215947378,220,3321,0,1,1.0,15.095454545454546,332,181,0.5711066126823425,0.5477175712585449,30.0,0.5
knn_k30_threshold050,3.0,0.6851444782674573,233,3321,0,1,1.0,14.253218884120171,250,181,0.575554609298706,0.5499951839447021,30.0,0.5
knn_k30_threshold055,0.25,0.9669794457973099,729,3321,0,1,1.0,4.555555555555555,1743,662,0.6044911742210388,0.5788227319717407,30.0,0.55
knn_k30_threshold055,0.5,0.7036445057059243,730,3321,0,1,1.0,4.549315068493151,898,662,0.6080621480941772,0.581011950969696,30.0,0.55
knn_k30_threshold055,0.75,0.7522273665787589,738,3321,0,1,1.0,4.5,803,662,0.6084660291671753,0.5814870595932007,30.0,0.55
knn_k30_threshold055,1.0,0.7126247866466121,735,3321,0,1,1.0,4.518367346938776,781,662,0.6103730797767639,0.5827786922454834,30.0,0.55
knn_k30_threshold055,1.5,0.5180668880525608,742,3321,0,1,1.0,4.475741239892184,377,662,0.6147615313529968,0.5857381820678711,30.0,0.55
knn_k30_threshold055,2.0,0.5767657768893839,749,3321,0,1,1.0,4.433911882510014,267,662,0.620087206363678,0.5900002717971802,30.0,0.55
knn_k30_threshold055,3.0,0.6744047094086082,759,3321,0,1,1.0,4.375494071146245,183,662,0.623813271522522,0.5938562154769897,30.0,0.55
knn_k30_threshold060,0.25,0.9378904018637427,1789,3321,0,1,1.0,1.8563443264393515,800,1588,0.6764454245567322,0.6657726168632507,30.0,0.6
knn_k30_threshold060,0.5,0.8589776963204864,1788,3321,0,1,1.0,1.8573825503355705,397,1588,0.6775941848754883,0.6675461530685425,30.0,0.6
knn_k30_threshold060,0.75,0.8927590630224428,1790,3321,0,1,1.0,1.8553072625698324,361,1588,0.6776682734489441,0.667556881904602,30.0,0.6
knn_k30_threshold060,1.0,0.7679649692151723,1794,3321,0,1,1.0,1.851170568561873,323,1588,0.6780899167060852,0.6681414246559143,30.0,0.6
knn_k30_threshold060,1.5,0.7693925368310423,1799,3321,0,1,1.0,1.8460255697609784,280,1588,0.6728832721710205,0.6546883583068848,30.0,0.6
knn_k30_threshold060,2.0,0.6020373670208775,1802,3321,0,1,1.0,1.8429522752497225,129,1588,0.6681463122367859,0.6447951793670654,30.0,0.6
knn_k30_threshold060,3.0,0.7251869147865525,1821,3321,0,1,1.0,1.8237232289950576,101,1594,0.6607815027236938,0.6358969211578369,30.0,0.6
knn_k40_threshold040,0.25,1.0,15,3321,0,1,1.0,221.4,3170,12,0.5112553238868713,0.505432665348053,40.0,0.4
knn_k40_threshold040,0.5,0.6032553686816821,17,3321,0,1,1.0,195.35294117647058,1893,12,0.5153444409370422,0.5080384016036987,40.0,0.4
knn_k40_threshold040,0.75,0.9166163488043783,17,3321,0,1,1.0,195.35294117647058,1237,12,0.5165628790855408,0.5089622735977173,40.0,0.4
knn_k40_threshold040,1.0,0.8261380274108053,23,3321,0,1,1.0,144.3913043478261,827,12,0.5190814733505249,0.5100246667861938,40.0,0.4
knn_k40_threshold040,1.5,0.6674636353259443,24,3321,0,1,36.0,138.375,538,12,0.5219573378562927,0.5117413401603699,40.0,0.4
knn_k40_threshold040,2.0,0.6575389988334726,36,3321,0,1,89.5,92.25,416,12,0.5245770812034607,0.5116848945617676,40.0,0.4
knn_k40_threshold040,3.0,0.6906199621666858,51,3321,0,1,60.0,65.11764705882354,264,12,0.5279854536056519,0.5126828551292419,40.0,0.4
knn_k40_threshold045,0.25,0.9989125602731833,62,3321,0,1,1.0,53.564516129032256,2950,53,0.5256289839744568,0.5151011943817139,40.0,0.45
knn_k40_threshold045,0.5,0.5434771559594065,63,3321,0,1,1.0,52.714285714285715,2369,53,0.527354896068573,0.516605019569397,40.0,0.45
knn_k40_threshold045,0.75,0.7572183006018047,64,3321,0,1,1.0,51.890625,1285,53,0.5297967195510864,0.5174614191055298,40.0,0.45
knn_k40_threshold045,1.0,0.7438632938070421,67,3321,0,1,1.0,49.56716417910448,796,53,0.5332362055778503,0.5194666981697083,40.0,0.45
knn_k40_threshold045,1.5,0.5425124845436765,70,3321,0,1,1.0,47.44285714285714,499,53,0.5362978577613831,0.5205820798873901,40.0,0.45
knn_k40_threshold045,2.0,0.6750824803232002,78,3321,0,1,1.0,42.57692307692308,416,53,0.5386109948158264,0.5207802057266235,40.0,0.45
knn_k40_threshold045,3.0,0.7100358955836227,97,3321,0,1,1.0,34.23711340206186,257,53,0.5431440472602844,0.5224157571792603,40.0,0.45
knn_k40_threshold050,0.25,0.9626096280147153,200,3321,0,1,1.0,16.605,2288,181,0.5539838075637817,0.5375041365623474,40.0,0.5
knn_k40_threshold050,0.5,0.8131884894145941,207,3321,0,1,1.0,16.043478260869566,1675,181,0.556056022644043,0.5381371974945068,40.0,0.5
knn_k40_threshold050,0.75,0.8445473527359396,208,3321,0,1,1.0,15.966346153846153,1235,181,0.5577207207679749,0.5393272638320923,40.0,0.5
knn_k40_threshold050,1.0,0.6223587395191242,211,3321,0,1,1.0,15.739336492890995,724,181,0.5604299306869507,0.5407388210296631,40.0,0.5
knn_k40_threshold050,1.5,0.6542635507964961,211,3321,0,1,1.0,15.739336492890995,538,181,0.5645017623901367,0.5423314571380615,40.0,0.5
knn_k40_threshold050,2.0,0.623754660081594,216,3321,0,1,1.0,15.375,400,181,0.5692488551139832,0.5450125336647034,40.0,0.5
knn_k40_threshold050,3.0,0.6874081973130689,232,3321,0,1,1.0,14.314655172413794,273,181,0.5741659998893738,0.5477099418640137,40.0,0.5
knn_k40_threshold055,0.25,0.9214609419787241,725,3321,0,1,1.0,4.580689655172414,1739,662,0.6054762601852417,0.5793397426605225,40.0,0.55
knn_k40_threshold055,0.5,0.6696118423646699,730,3321,0,1,1.0,4.549315068493151,1010,662,0.608736515045166,0.5817330479621887,40.0,0.55
knn_k40_threshold055,0.75,0.805748241144855,737,3321,0,1,1.0,4.5061058344640434,858,662,0.6096487045288086,0.5824498534202576,40.0,0.55
knn_k40_threshold055,1.0,0.674269610926635,743,3321,0,1,1.0,4.469717362045761,778,662,0.61064213514328,0.5832047462463379,40.0,0.55
knn_k40_threshold055,1.5,0.584018179590867,741,3321,0,1,1.0,4.481781376518219,494,662,0.6153814196586609,0.5872419476509094,40.0,0.55
knn_k40_threshold055,2.0,0.572816601054738,746,3321,0,1,1.0,4.451742627345845,322,662,0.6209668517112732,0.5926429033279419,40.0,0.55
knn_k40_threshold055,3.0,0.6727772899182032,759,3321,0,1,1.0,4.375494071146245,192,662,0.6250628232955933,0.5974366664886475,40.0,0.55
knn_k40_threshold060,0.25,0.9604067193460638,1787,3321,0,1,1.0,1.8584219362059318,812,1588,0.6753708124160767,0.6664116382598877,40.0,0.6
knn_k40_threshold060,0.5,0.739360517020955,1788,3321,0,1,1.0,1.8573825503355705,395,1588,0.6763253808021545,0.6677455902099609,40.0,0.6
knn_k40_threshold060,0.75,0.8449505570679977,1790,3321,0,1,1.0,1.8553072625698324,374,1588,0.6764087677001953,0.6679426431655884,40.0,0.6
knn_k40_threshold060,1.0,0.7514735471758218,1793,3321,0,1,1.0,1.8522030117122141,345,1588,0.6765923500061035,0.6682195067405701,40.0,0.6
knn_k40_threshold060,1.5,0.7382470417217718,1798,3321,0,1,1.0,1.847052280311457,314,1588,0.6711255311965942,0.6541172862052917,40.0,0.6
knn_k40_threshold060,2.0,0.7041558411823866,1802,3321,0,1,1.0,1.8429522752497225,227,1589,0.6646875143051147,0.6418216228485107,40.0,0.6
knn_k40_threshold060,3.0,0.675954740611111,1828,3321,0,1,1.0,1.8167396061269148,98,1602,0.6575272679328918,0.6333980560302734,40.0,0.6
