resolution,seed,nodes,edges,communities,assigned_books,min_community_size,median_community_size,mean_community_size,max_community_size,singleton_communities,modularity,mean_internal_similarity,median_internal_similarity,mean_ari,min_ari,max_ari
0.25,42,3321,52705,3,3321,137,166.0,1107.0,3018,0,0.13589965361379394,0.5641209990380237,0.5200468301773071,0.47006100882231255,0.20814446414032992,0.9918631614424418
0.25,123,3321,52705,3,3321,137,170.0,1107.0,3014,0,0.13703580836106352,0.5637910068254968,0.5201241970062256,0.47006100882231255,0.20814446414032992,0.9918631614424418
0.25,2026,3321,52705,3,3321,135,478.0,1107.0,2708,0,0.24336304764349984,0.5796419645680683,0.520064502954483,0.47006100882231255,0.20814446414032992,0.9918631614424418
0.5,42,3321,52705,6,3321,18,381.0,553.5,1759,0,0.4356399306034206,0.5529754036888296,0.5294241160154343,0.6524084254609317,0.5231084552351709,0.8707596135387243
0.5,123,3321,52705,4,3321,143,392.5,830.25,2393,0,0.3226860548887305,0.5513758176638095,0.5189575552940369,0.6524084254609317,0.5231084552351709,0.8707596135387243
0.5,2026,3321,52705,6,3321,18,179.5,553.5,2260,0,0.35448139857231964,0.5523566123605897,0.5253814160823822,0.6524084254609317,0.5231084552351709,0.8707596135387243
0.75,42,3321,52705,7,3321,60,572.0,474.42857142857144,912,0,0.4931655160044243,0.5413719452588646,0.5235042572021484,0.6885029768589908,0.6447027565023813,0.7314952790278023
0.75,123,3321,52705,7,3321,75,550.0,474.42857142857144,879,0,0.49008511476741357,0.5427744944938839,0.5288639068603516,0.6885029768589908,0.6447027565023813,0.7314952790278023
0.75,2026,3321,52705,8,3321,59,351.5,415.125,874,0,0.4915381222778703,0.5358264582145744,0.5234595835208893,0.6885029768589908,0.6447027565023813,0.7314952790278023
1.0,42,3321,52705,12,3321,18,170.5,276.75,757,0,0.4929438610161876,0.5328783297978246,0.5231727957725525,0.6956612655350943,0.6610626856188783,0.7425994081497289
1.0,123,3321,52705,11,3321,18,169.0,301.90909090909093,749,0,0.49494704803315837,0.5336009735931151,0.5255007147789001,0.6956612655350943,0.6610626856188783,0.7425994081497289
1.0,2026,3321,52705,11,3321,19,228.0,301.90909090909093,754,0,0.49547732108093046,0.5351451155116049,0.525992751121521,0.6956612655350943,0.6610626856188783,0.7425994081497289
1.5,42,3321,52705,18,3321,18,155.0,184.5,495,0,0.47402757494439357,0.5329372725435768,0.5207564830780029,0.6524736581068936,0.6270718210507465,0.6813840752377357
1.5,123,3321,52705,16,3321,18,158.5,207.5625,484,0,0.4767810885599998,0.5322645700542792,0.5221825689077377,0.6524736581068936,0.6270718210507465,0.6813840752377357
1.5,2026,3321,52705,16,3321,18,171.0,207.5625,501,0,0.4755734775223362,0.532152916271343,0.5234096646308899,0.6524736581068936,0.6270718210507465,0.6813840752377357
2.0,42,3321,52705,26,3321,18,108.5,127.73076923076923,340,0,0.43890846770225966,0.5270142865253249,0.5270111560821533,0.5863321008590003,0.5564289203319315,0.639224637047145
2.0,123,3321,52705,25,3321,44,116.0,132.84,312,0,0.4356262338769417,0.5281042361419868,0.5247778296470642,0.5863321008590003,0.5564289203319315,0.639224637047145
2.0,2026,3321,52705,26,3321,18,109.0,127.73076923076923,385,0,0.4436008291438851,0.5299282708706884,0.5242029428482056,0.5863321008590003,0.5564289203319315,0.639224637047145
3.0,42,3321,52705,43,3321,7,73.0,77.23255813953489,261,0,0.4091112198075755,0.5299290635894948,0.5278759002685547,0.7240475486593035,0.7096339090441335,0.7424479135091107
3.0,123,3321,52705,44,3321,12,66.0,75.47727272727273,251,0,0.4067293276813292,0.530217036003135,0.5304459631443024,0.7240475486593035,0.7096339090441335,0.7424479135091107
3.0,2026,3321,52705,43,3321,18,71.0,77.23255813953489,258,0,0.4054997618138653,0.5295282909361888,0.5244649648666382,0.7240475486593035,0.7096339090441335,0.7424479135091107
