resolution,community_id,community_size,internal_edge_count,internal_edge_density,mean_internal_similarity,median_internal_similarity
0.25,0,3018,47534,0.010440945092894187,0.5166480619167707,0.5200468301773071
0.25,1,166,1736,0.12676159182183278,0.47125006286847976,0.4693875610828399
0.25,2,137,2133,0.2289609274366681,0.7044648723288204,0.7168568968772888
0.5,0,1759,23702,0.015329580813382307,0.5179013688799078,0.521425187587738
0.5,1,642,7330,0.035623854860736485,0.5334197510150738,0.5374230444431305
0.5,2,557,6486,0.04188677783087713,0.5155667887217756,0.5132461488246918
0.5,3,205,2094,0.10014347202295552,0.46963783029783535,0.4696294963359833
0.5,4,140,2160,0.22199383350462487,0.702147588768491,0.7160828113555908
0.5,5,18,148,0.9673202614379085,0.5791790944498938,0.5750686228275299
0.75,0,912,10577,0.025461224411192637,0.5228738403871446,0.5235042572021484
0.75,1,762,7335,0.025298250333688578,0.5080097671910542,0.5130383968353271
0.75,2,651,7604,0.03593997400449014,0.5378666743596938,0.5408765971660614
0.75,3,572,6595,0.04038430921092918,0.5154659124601059,0.5128220319747925
0.75,4,223,2199,0.08883771664040722,0.469903813675893,0.4708707332611084
0.75,5,141,2153,0.21813576494427558,0.7014004427280417,0.716163694858551
0.75,6,60,467,0.26384180790960454,0.5340831660101194,0.5236155986785889
1.0,0,757,8300,0.02900617167459968,0.5268075336857014,0.5273877382278442
1.0,1,578,6824,0.04092280198856992,0.5405289882014463,0.542803168296814
1.0,2,573,6574,0.04011520765447467,0.51494507872391,0.5129561424255371
1.0,3,379,2749,0.03837723890494339,0.5094838524111924,0.5135328769683838
1.0,4,227,1963,0.07652723090717711,0.4605820881230334,0.4584935903549194
1.0,5,177,1306,0.08384694401643554,0.5405357769400931,0.5382176339626312
1.0,6,164,2302,0.17222804129881789,0.68971434273117,0.7121288478374481
1.0,7,151,1035,0.0913907284768212,0.4933096426120703,0.4950854182243347
1.0,8,125,1251,0.16141935483870967,0.5288108475774312,0.5251668691635132
1.0,9,90,788,0.19675405742821472,0.4814337128158753,0.4903444349765777
1.0,10,82,575,0.17314062029509183,0.5292089993020762,0.5211787223815918
1.0,11,18,148,0.9673202614379085,0.5791790944498938,0.5750686228275299
1.5,0,495,5824,0.04763423710792132,0.5434253526298882,0.5458082556724548
1.5,1,427,3893,0.04280326769359325,0.5270526101786405,0.5283817052841187
1.5,2,425,4646,0.05156492785793563,0.5153587173142928,0.5119632184505463
1.5,3,271,1899,0.05190651906519065,0.4739621470105089,0.4749849438667297
1.5,4,252,1588,0.05021185100866376,0.5047974305354077,0.5096519291400909
1.5,5,215,1698,0.07381004129537057,0.5428255068048291,0.541357159614563
1.5,6,211,1866,0.08422477995937712,0.5227475702794546,0.5192857682704926
1.5,7,181,1117,0.06856967464702271,0.5395298496408983,0.5419405102729797
1.5,8,171,1620,0.11145510835913312,0.4691548501175863,0.46732257306575775
1.5,9,139,2142,0.22333437597747888,0.7025641143795044,0.7163849472999573
1.5,10,111,600,0.09828009828009827,0.5376853009064992,0.5341610014438629
1.5,11,107,868,0.153059425145477,0.48491576262470765,0.49191755056381226
1.5,12,103,712,0.13554159527888826,0.5128111160789313,0.5203176736831665
1.5,13,69,512,0.21824381926683717,0.5308237115386873,0.5211952924728394
1.5,14,46,469,0.45314009661835747,0.5659138646080042,0.5417320728302002
1.5,15,45,150,0.15151515151515152,0.5189005478223165,0.5097585916519165
1.5,16,35,137,0.23025210084033612,0.5212233588643318,0.5182481408119202
1.5,17,18,148,0.9673202614379085,0.5791790944498938,0.5750686228275299
2.0,0,340,3644,0.06323095609925386,0.5159738203582204,0.5121388733386993
2.0,1,262,2100,0.06141967184346758,0.534094883629254,0.534626692533493
2.0,2,226,1520,0.05978367748279253,0.5278981374478654,0.5291980504989624
2.0,3,215,1961,0.08524233862203869,0.5357803662384972,0.5409418344497681
2.0,4,201,1613,0.08024875621890547,0.5471973942623919,0.5459519624710083
2.0,5,168,1591,0.1134160250926718,0.46824988491463254,0.4665048122406006
2.0,6,165,1504,0.11116038433111604,0.5245071606155722,0.5209614038467407
2.0,7,146,1069,0.10099196976854038,0.5496372389838002,0.5504025816917419
2.0,8,140,2146,0.22055498458376155,0.7022289617780426,0.7162700295448303
2.0,9,138,726,0.07680101555061886,0.5298017092644347,0.5311659574508667
2.0,10,119,815,0.11608033043725965,0.5157320625942909,0.515595555305481
2.0,11,110,580,0.09674728940783987,0.4354953384091114,0.4353256821632385
2.0,12,109,755,0.12827047230716956,0.5423415735462643,0.538533627986908
2.0,13,108,600,0.10384215991692627,0.5373191308975219,0.5336173176765442
2.0,14,106,870,0.15633423180592992,0.48499730469166547,0.49191755056381226
2.0,15,105,775,0.14194139194139194,0.5155429399398065,0.5192995071411133
2.0,16,96,512,0.11228070175438597,0.543361215328332,0.5439830422401428
2.0,17,87,397,0.10612135792568832,0.5018610672025897,0.5129151344299316
2.0,18,86,395,0.10807113543091655,0.4558726342418526,0.4486223757266998
2.0,19,84,421,0.12076878944348823,0.5418628201490343,0.5304755568504333
2.0,20,77,571,0.19514695830485304,0.5309758648250232,0.5248242616653442
2.0,21,73,352,0.1339421613394216,0.5209597049450333,0.5151989161968231
2.0,22,52,187,0.14102564102564102,0.4791966855207229,0.491708904504776
2.0,23,45,182,0.18383838383838383,0.5159090102373899,0.5152507424354553
2.0,24,45,466,0.4707070707070707,0.5663954451872044,0.542352169752121
2.0,25,18,148,0.9673202614379085,0.5791790944498938,0.5750686228275299
3.0,0,261,2788,0.08216917182434424,0.5174855857317896,0.5143835842609406
3.0,1,173,1614,0.10848232289286194,0.540259586815645,0.5464580655097961
3.0,2,169,1097,0.07727528881375036,0.5191469570671089,0.5196038484573364
3.0,3,155,1490,0.12484289903644742,0.46841500628514576,0.4671275317668915
3.0,4,137,1337,0.1435165306998712,0.5279940750140616,0.5245940089225769
3.0,5,136,2113,0.23017429193899783,0.7054012907070398,0.7173758745193481
3.0,6,110,793,0.1322768974145121,0.5168258141148436,0.5165188908576965
3.0,7,108,553,0.09570785739010038,0.5164268214599134,0.5187033414840698
3.0,8,108,561,0.09709241952232607,0.4345455995749237,0.4342669248580932
3.0,9,105,757,0.13864468864468865,0.5508146531279525,0.5512484312057495
3.0,10,101,882,0.17465346534653464,0.4837515650490244,0.4922420084476471
3.0,11,99,609,0.12554112554112554,0.5283558373087145,0.5174648761749268
3.0,12,97,658,0.14132302405498282,0.5634095188241599,0.56175497174263
3.0,13,95,735,0.16461366181410975,0.5174744718334302,0.5219682455062866
3.0,14,93,496,0.11594202898550725,0.5339605665254977,0.536072164773941
3.0,15,86,637,0.17428180574555405,0.5435315938534879,0.5419259071350098
3.0,16,80,466,0.14746835443037976,0.5408736851721874,0.5375421345233917
3.0,17,79,420,0.13631937682570594,0.5519143855997495,0.5452314019203186
3.0,18,79,594,0.19279454722492698,0.5317435838056334,0.5247801542282104
3.0,19,78,364,0.12121212121212122,0.47037467990930265,0.4667265713214874
3.0,20,74,378,0.13994816734542762,0.5344960643816247,0.5308440327644348
3.0,21,73,312,0.1187214611872146,0.5133657416281028,0.5212097465991974
3.0,22,69,273,0.11636828644501279,0.49634364596653335,0.4975935816764831
3.0,23,65,274,0.13173076923076923,0.5319095189771513,0.5297251045703888
3.0,24,62,277,0.14648334214701217,0.5261471167152969,0.5288369655609131
3.0,25,60,264,0.14915254237288136,0.5387551278779001,0.5398829877376556
3.0,26,58,300,0.18148820326678766,0.5491320422291756,0.549178421497345
3.0,27,54,223,0.15583508036338226,0.5198016607707926,0.5185918807983398
3.0,28,46,470,0.45410628019323673,0.5657846505337573,0.5419370532035828
3.0,29,45,169,0.1707070707070707,0.5311424139688706,0.5278759002685547
3.0,30,45,235,0.23737373737373738,0.5142631170597483,0.5132379531860352
3.0,31,41,170,0.2073170731707317,0.4552521824836731,0.4487707316875458
3.0,32,37,124,0.18618618618618618,0.552455238036571,0.5444693267345428
3.0,33,37,120,0.18018018018018017,0.5629707468052705,0.5348925292491913
3.0,34,32,110,0.2217741935483871,0.5413496380502527,0.5335919559001923
3.0,35,29,113,0.27832512315270935,0.5251096067702876,0.5189283490180969
3.0,36,29,91,0.22413793103448276,0.5260774267243815,0.5283817052841187
3.0,37,29,94,0.2315270935960591,0.5181197657230052,0.5106546580791473
3.0,38,24,71,0.2572463768115942,0.4753498670081018,0.4852460920810699
3.0,39,21,65,0.30952380952380953,0.5495617009126224,0.5457078218460083
3.0,40,18,148,0.9673202614379085,0.5791790944498938,0.5750686228275299
3.0,41,17,44,0.3235294117647059,0.543193753470074,0.53237184882164
3.0,42,7,17,0.8095238095238095,0.5744843360255746,0.4993724822998047
